Company Name,Website,Careers / Jobs URL,Revenue Range (in USD),IT LINK,
AgReliant Genetics,www.agreliantgenetics.com,https://agreliantgenetics.com/careers/,$100 mil. - $250 mil.,https://recruiting.ultipro.com/AGR1003ARGI/JobBoard/593ceca8-8f6d-4dd3-bb1b-b8b332475b71/OpportunityDetail?opportunityId=7c8bd7eb-3347-4145-beaf-d7fa217c3b34,
Abzena,www.abzena.com,https://abzena.com/careers/,$100 mil. - $250 mil.,https://jobs.eu.lever.co/abzena/069f6e1b-a68a-4469-a2b0-a6579c4ac950,
Vixxo,www.vixxo.com,https://www.vixxo.com/about-us/careers,$100 mil. - $250 mil.,https://job-boards.greenhouse.io/vixxo?departments%5B%5D=4041137002#4041137002,
Hygiena,www.hygiena.com,https://www.hygiena.com/careers,$100 mil. - $250 mil.,https://workforcenow.adp.com/mascsr/default/mdf/recruitment/recruitment.html?cid=64b85cdf-e793-428c-847d-3c083156603d&ccId=1593362092_8566&jobId=563588&lang=en_US,
Forterra,www.forterra.com,https://www.forterra.com/careers,$100 mil. - $250 mil.,https://www.forterra.com/careers#open-roles-forterra,
SimpliSafe,www.simplisafe.com,https://careers.simplisafe.com/,$100 mil. - $250 mil.,https://careers.simplisafe.com/search/?department=it+%26+infosec#results,
Replimune,www.replimune.com,https://www.replimune.com/careers,$100 mil. - $250 mil.,https://jobs.ashbyhq.com/replimune/39b51c02-31e2-4111-93d2-ddcd266dab6d?departmentId=5b9ff23c-032c-4a36-8777-db7d5b9cba1f,
Gener8,www.gener8.net,https://www.gener8.net/careers/,$100 mil. - $250 mil.,https://workforcenow.adp.com/mascsr/default/mdf/recruitment/recruitment.html?cid=70c3e918-c2c2-4329-82aa-36ad25fffe92&ccId=9200943482905_3&lang=en_US&jobId=610269&jwId=9200943482905_1,
3E,www.3eco.com,https://www.3eco.com/careers/,$100 mil. - $250 mil.,https://www.3eco.com/careers/job-listing/open-positions/?job_id=671d15fc-b0c1-4196-8432-909292ffd854,
GenScript,www.genscript.com,https://www.genscript.com/CareerOverview.html,$100 mil. - $250 mil.,https://www.genscript.com/CareerOverview.html,
Cytek Biosciences,www.cytekbio.com,https://workforcenow.adp.com/mascsr/default/mdf/recruitment/recruitment.html?cid=a21467f2-5c74-46bf-bd5c-61cdb598d8b3&ccId=19000101_000001&lang=en_US,$100 mil. - $250 mil.,https://workforcenow.adp.com/mascsr/default/mdf/recruitment/recruitment.html?cid=a21467f2-5c74-46bf-bd5c-61cdb598d8b3&ccId=19000101_000001&lang=en_US,
Napco Security Technologies,www.napcosecurity.com,https://napcosecurity.com/careers,$100 mil. - $250 mil.,https://napcosecurity.com/careers/,
Amazon Lab126,amazon.jobs/en/teams/lab126,https://amazon.jobs/careers,$100 mil. - $250 mil.,https://amazon.jobs/en/search?offset=0&result_limit=10&sort=relevant&category%5B%5D=operations-it-support-engineering&distanceType=Mi&radius=24km&latitude=&longitude=&loc_group_id=&loc_query=&base_query=&city=&country=&region=&county=&query_options=&,
Automated Logic,www.automatedlogic.com,https://www.automatedlogic.com/careers,$100 mil. - $250 mil.,https://jobs.carrier.com/en/search-jobs/Automated+Logic?orgIds=29289&kt=1&glat=40.778499603271484&glon=-74.07219696044922,
Torc Robotics,www.torc.ai,https://www.torc.ai/careers,$100 mil. - $250 mil.,https://job-boards.greenhouse.io/torcrobotics/jobs/8613575002,
DEKA,www.dekaresearch.com,https://www.dekaresearch.com/careers,$100 mil. - $250 mil.,https://deka.applytojob.com/apply/dEMj1b1IhM/Software-Quality-Assurance-Engineer?source=Our%20Career%20Page%20Widget,
SK Life Science,www.sklifescienceinc.com,https://www.sklifescienceinc.com/careers,$100 mil. - $250 mil.,https://careers-sklifescienceinc.icims.com/jobs/search?ss=1&searchKeyword=IT&searchCategory=8730,
Hyundai America Technical Center,www.hatci.com,https://www.hatci.com/careers,$100 mil. - $250 mil.,https://careers-americas.hyundai.com/hatci/job/Superior-Township-IT-Strategy-Engineer-II-MI-48198/1409559800/,
Radiance Technologies,www.radiancetech.com,https://www.radiancetech.com/careers,$100 mil. - $250 mil.,https://radiancetech.wd12.myworkdayjobs.com/Radiance_External,
Aldevron,www.aldevron.com,https://www.aldevron.com/careers,$100 mil. - $250 mil.,https://jobs.danaher.com/global/en/search-results,
Iovance Biotherapeutics,www.iovance.com,https://www.iovance.com/careers,$100 mil. - $250 mil.,https://job-boards.greenhouse.io/iovancebiotherapeutics/jobs/5234960008,
Monte Rosa Therapeutics,www.monterosatx.com,https://www.monterosatx.com/careers,$100 mil. - $250 mil.,https://careers-monterosatx.icims.com/jobs/search?ss=1&searchKeyword=IT&searchRelation=keyword_all,
PROTAGONIST THERAPEUTICS,www.protagonist-inc.com,https://www.protagonist-inc.com/careers,$100 mil. - $250 mil.,https://www.protagonist-inc.com/join-our-team,
Quanterix,www.quanterix.com,https://www.quanterix.com/careers,$100 mil. - $250 mil.,https://www.quanterix.com/careers/,
The Vertex Companies,www.vertexeng.com,https://www.vertexeng.com/careers,$100 mil. - $250 mil.,https://careers.vertexeng.com/search/jobs?q=IT&location=,
Technosoft Engineering,www.technosofteng.com,https://www.technosofteng.com/careers,$100 mil. - $250 mil.,https://technosofteng.com/careers/openings-americas/,
WJE,www.wje.com,https://www.wje.com/careers,$100 mil. - $250 mil.,https://wje.wd1.myworkdayjobs.com/Careers?jobCategory=797d2d8283b41000a4e881dfbe980001&jobCategory=797d2d8283b41000a4e8814639920000,
Stress Engineering Services,www.stress.com,https://www.stress.com/careers,$100 mil. - $250 mil.,https://www.stress.com/careers/?keywords=IT,
E2 Consulting Engineers,www.e2.com,https://www.e2.com/careers,$100 mil. - $250 mil.,https://careers-e2.icims.com/jobs/search?ss=1&searchKeyword=IT,
Simpson Gumpertz & Heger,www.sgh.com,https://www.sgh.com/careers,$100 mil. - $250 mil.,https://www.sgh.com/careers/job-openings/,
Environmental Air Systems,www.easinc.net,https://www.easinc.net/careers,$100 mil. - $250 mil.,https://comfortsystemsusa.wd1.myworkdayjobs.com/EAScareers?q=IT,
Crossville,www.crossvilleinc.com,https://www.crossvilleinc.com/careers,$100 mil. - $250 mil.,https://recruiting.ultipro.com/AHF1000AHFP/JobBoard/eb870e08-1b72-44d8-a4c4-d8b21f6f9297/OpportunityDetail?opportunityId=607bf250-2555-4c46-b814-d80518c0ec34,
Valkyrie Enterprises,www.valkyrie.com,https://www.valkyrie.com/careers,$100 mil. - $250 mil.,https://recruitingbypaycor.com/career/JobIntroduction.action?clientId=8a7883c66d7360f9016d833e65880250&id=8a7883a89e6b0bf7019e83e6a88f06e9&source=&lang=en,
Z Modular,www.z-modular.com,https://www.z-modular.com/careers,$100 mil. - $250 mil.,https://zekelman.wd12.myworkdayjobs.com/Careers?jobFamily=1d0e467ddf5e100b7c806f85ebe60000,
Cormetech,www.cormetech.com,https://www.cormetech.com/careers,$100 mil. - $250 mil.,https://www.cormetech.com/careers/,
Chaney Enterprises,www.chaneyenterprises.com,https://www.chaneyenterprises.com/careers,$100 mil. - $250 mil.,https://workforcenow.adp.com/mascsr/default/mdf/recruitment/recruitment.html?cid=4b009c0b-0f2d-4150-9045-25adf7023b00&ccId=19000101_000001&lang=en_US&selectedMenuKey=CareerCenter&jobId=546522,
Wilbert Funeral Services,www.wilbert.com,https://www.wilbert.com/careers,$100 mil. - $250 mil.,https://marmon.wd501.myworkdayjobs.com/Marmon_Careers?jobFamilyGroup=6125f3a207e30101f2741fe2fa220000,
QED Systems,www.qedsysinc.com,https://www.qedsysinc.com/careers,$100 mil. - $250 mil.,https://www.qedsysinc.com/Careers/CurrentOpenings?keywords=IT&jobId=fb0f5a2e-1adc-4172-4094-6c3a751146a9,
Ridgeview Industries,www.ridgeviewindustries.com,https://www.ridgeviewindustries.com/careers,$100 mil. - $250 mil.,https://www.ridgeviewindustries.com/job_postings.html,
Whoop,www.whoop.com,https://www.whoop.com/careers,$100 mil. - $250 mil.,https://jobs.lever.co/whoop/b0e5f613-729f-43e1-a92a-898c216cb9c1,
NDS,www.ndspro.com,https://www.ndspro.com/careers,$100 mil. - $250 mil.,https://careers-adspipe.icims.com/jobs/21182/manager-it-pmo/job,
Electric Hydrogen,www.eh2.com,https://www.eh2.com/careers,$100 mil. - $250 mil.,https://eh2.com/careers/?gh_jid=4687381005,
Senninger,www.senninger.com,https://www.senninger.com/careers,$100 mil. - $250 mil.,https://recruiting2.ultipro.com/HUN1007HUIND/JobBoard/9d4c9b3a-f0e0-45f2-8b3c-5fb03c6eb7f5/OpportunityDetail?opportunityId=6751787d-507f-48c7-8908-4d1b1da83259,
Base Power,www.basepowercompany.com,https://www.basepowercompany.com/careers,$100 mil. - $250 mil.,https://www.basepowercompany.com/open-roles?ashby_jid=e0c632cd-2375-4e0f-8a9f-11dbb820e885,
Clear Creek Systems,www.clearcreeksystems.com,https://www.clearcreeksystems.com/careers,$100 mil. - $250 mil.,https://workforcenow.adp.com/mascsr/default/mdf/recruitment/recruitment.html?cid=a009e112-5163-4870-816f-3faae3a54ffa&ccId=19000101_000003&lang=en_US&jobId=581918&jwId=SYS:JW:001,
Nayax,www.nayax.com,https://www.nayax.com/careers,$100 mil. - $250 mil.,https://www.nayax.com/careers/department/information-technology/,
LifeNet Health,www.lifenethealth.org,https://www.lifenethealth.org/careers,$100 mil. - $250 mil.,https://jobs.jobvite.com/lifenethealth/search?r=&l=&c=Information%20Systems,
23andMe,www.23andme.com,https://www.23andme.com/careers,$100 mil. - $250 mil.,https://23andme.wd5.myworkdayjobs.com/23?q=IT,
Orscheln Management,www.orscheln.com,https://www.orscheln.com/careers,$100 mil. - $250 mil.,https://orschelnindustries.exacthire.com/job/201870,
IPEG,www.ipeg.net,https://www.ipeg.net/careers,$100 mil. - $250 mil.,https://recruiting.paylocity.com/recruiting/jobs/Details/4180929/PGNA-Inc/IT-Support-Specialist,
HOLT Group,www.holtgrp.com,https://www.holtgrp.com/careers,$100 mil. - $250 mil.,https://holtgrp.pinpointhq.com/?search=IT,
Miracapo Pizza,www.miracapopizza.com,https://www.miracapopizza.com/careers,$100 mil. - $250 mil.,https://careers.employinc.com/jobs/17500076-ai-product-engineer,
Arrow International,www.arrowinternational.com,https://www.arrowinternational.com/careers,$100 mil. - $250 mil.,https://recruiting.paylocity.com/recruiting/jobs/All/ad64dc7e-43e1-4995-a02e-baae7363f9ea/Arrow-International-Inc?location=All%20Locations&department=Engineering%2FSoftware,
Cooper Machinery Services,www.cooperservices.com,https://www.cooperservices.com/careers,$100 mil. - $250 mil.,https://cooperservices.rec.pro.ukg.net/COO1501CMSV/JobBoard/1d3bfac4-a952-4604-8bbc-4f024c7abcf7/?q=&o=postedDateDesc&f5=GZjYB5DWYE2W4bohJjTS2A,
CesiumAstro,www.cesiumastro.com,https://www.cesiumastro.com/careers,$100 mil. - $250 mil.,https://jobs.lever.co/CesiumAstro?department=Security%20%26%20IT&team=IT,
Polywood,www.polywood.com,https://www.polywood.com/careers,$100 mil. - $250 mil.,https://www.polywood.com/pages/office-opportunities,
Intuitive Machines,www.intuitivemachines.com,https://www.intuitivemachines.com/careers,$100 mil. - $250 mil.,https://workforcenow.adp.com/mascsr/default/mdf/recruitment/recruitment.html?cid=b0e24f83-6e4d-492d-9d6a-bc0fea197d6a&ccId=19000101_000001&lang=en_US&jobId=568516,
Corin Group,www.coringroup.com,https://www.coringroup.com/careers,$100 mil. - $250 mil.,https://jobs.dayforcehcm.com/en-GB/coringroup/CANDIDATEPORTAL/jobs/4651,
Harry's,www.harrys.com,https://www.harrys.com/careers,$100 mil. - $250 mil.,https://job-boards.greenhouse.io/harrys?departments%5B%5D=31456,
Pacific Biosciences,www.pacb.com,https://www.pacb.com/careers,$100 mil. - $250 mil.,https://pacbio.wd12.myworkdayjobs.com/PacBio-?jobFamilyGroup=bc03a918f13310017dddaa3b9b110000,
Innovative Hearth Products,ihp.us.com,https://ihp.us.com/careers,$100 mil. - $250 mil.,https://workforcenow.adp.com/mascsr/default/mdf/recruitment/recruitment.html?cid=d7611cb3-a99c-4232-997a-955a195f2cf6&ccId=19000101_000001&type=JS&lang=en_US&jobId=575429,
Aptar CSP Technologies,www.csptechnologies.com,https://www.csptechnologies.com/careers,$100 mil. - $250 mil.,https://jobs.aptar.com/job/Auburn-Senior-Project-Manager%2C-CSP-Applications-Development-AL-36832/1366026133/,
Times Microwave Systems,www.timesmicrowave.com,https://www.timesmicrowave.com/careers,$100 mil. - $250 mil.,https://timesmicrowave.acquiretm.com/job_details_clean.aspx?ID=2586,
CURRIES,www.curries.com,https://www.curries.com/careers,$100 mil. - $250 mil.,https://www.assaabloy.com/career/en/open-positions/job-categories/engineering,
Graham Corporation,www.graham-mfg.com,https://www.graham-mfg.com/careers,$100 mil. - $250 mil.,https://graham-mfg.com/careers/,
Filtran,www.filtranllc.com,https://www.filtranllc.com/careers,$100 mil. - $250 mil.,https://careers-filtrationgroupcorp.icims.com/jobs/search?ss=1&searchKeyword=IT&searchRelation=keyword_all&searchCategory=25342,
Schwing America,www.schwing.com,https://www.schwing.com/careers,$100 mil. - $250 mil.,https://workforcenow.adp.com/mascsr/default/mdf/recruitment/recruitment.html?cid=d6d09230-0c51-4871-9ee2-2f90dc30e302&ccId=19000101_000001&type=JS&lang=en_US&jobId=958589,
Weiss-Aug,www.weiss-aug.com,https://www.weiss-aug.com/careers,$100 mil. - $250 mil.,https://recruiting.paylocity.com/recruiting/jobs/All/bef88ce1-8b7a-4b85-8b04-cd042b5ac1cf/Weiss-Aug-Co-Inc,
Hybrid Apparel,www.hybridapparel.com,https://www.hybridapparel.com/careers,$100 mil. - $250 mil.,https://workforcenow.adp.com/mascsr/default/mdf/recruitment/recruitment.html?cid=b456748e-7836-4c81-a7b5-c52fa1f62888&ccId=19000101_000001&lang=en_US,
Biosense Webster,www.jnjmedtech.com/en-us/companies/biosensewebster,https://www.jnjmedtech.com/careers,$100 mil. - $250 mil.,https://www.careers.jnj.com/en/jobs/?search=&team=Technology+Enterprise+Strategy+%26+Security&pagesize=20#results,
TC Industries,www.tcindustries.com,https://www.tcindustries.com/careers,$100 mil. - $250 mil.,https://workforcenow.adp.com/mascsr/default/mdf/recruitment/recruitment.html?cid=9e6c3835-f8f3-4797-8a07-263db5c91b1f&ccId=19000101_000001&lang=en_US,
Lilly Pulitzer,www.lillypulitzer.com,https://www.lillypulitzer.com/careers,$100 mil. - $250 mil.,https://oxford.wd5.myworkdayjobs.com/LillyPulitzer?jobFamilyGroup=d66762c6b46c4664b80cf2f0f7fe83c9,
ecobee,www.ecobee.com,https://www.ecobee.com/careers,$100 mil. - $250 mil.,https://careers.generac.com/en/jobs/jr13651/staff-software-engineer/,
SEEPEX,www.seepex.com,https://www.seepex.com/careers,$100 mil. - $250 mil.,https://ir-jobs.dzconnex.com/#/e432c3da-b6f8-4e93-aa86-a73ad6ac3e1b,
Strongwell,www.strongwell.com,https://www.strongwell.com/careers,$100 mil. - $250 mil.,https://www.strongwell.com/contact/careers/,
Eileen Fisher,www.eileenfisher.com,https://www.eileenfisher.com/careers,$100 mil. - $250 mil.,https://jobs.silkroad.com/EileenFisher/USCareers/jobs/,
Invio Automation,www.invioautomation.com,https://www.invioautomation.com/careers,$100 mil. - $250 mil.,https://invioautomation.com/careers/,
Beaver Street Fisheries Inc.,www.beaverstreetfisheries.com,https://www.beaverstreetfisheries.com/careers,$100 mil. - $250 mil.,https://www.indeed.com/job/software-development-manager-036b7f0cb00def28,
TURBOCAM,www.turbocam.com,https://www.turbocam.com/careers,$100 mil. - $250 mil.,https://www.turbocam.com/careers/current-openings/?p=job%2Foat6zfw2,
AudioCodes,www.audiocodes.com,https://www.audiocodes.com/careers,$100 mil. - $250 mil.,https://www.audiocodes.com/careers?sort=Recent&page=1&department=IT,
Plansee,www.plansee.com,https://www.plansee.com/careers,$100 mil. - $250 mil.,https://plansee-group.com/en/careers/jobs?,
Oxford Nanopore Technologies,www.nanoporetech.com,https://www.nanoporetech.com/careers,$100 mil. - $250 mil.,https://ejnh.fa.em2.oraclecloud.com/hcmUI/CandidateExperience/en/sites/CX_1/jobs/preview/3183,
Kramer Electronics,www.kramerav.com,https://www.kramerav.com/careers,$100 mil. - $250 mil.,https://kramerelectronics.applytojob.com/apply/BB5adnCbdm/,
KK Wind Solutions,www.kkwindsolutions.com,https://www.kkwindsolutions.com/careers,$100 mil. - $250 mil.,https://kkwindsolutions-career.talent-soft.com/job/list-of-jobs.aspx,
Nothing Bundt Cakes,www.nothingbundtcakes.com,https://www.nothingbundtcakes.com/careers,$100 mil. - $250 mil.,https://recruiting2.ultipro.com/NOT1001BUNDT/JobBoard/1e32096c-4203-47af-bd15-91cecb076761/?q=&o=postedDateDesc&w=&wc=&we=&wpst=,
J Wagner,www.wagner-group.com,https://www.wagner-group.com/careers,$100 mil. - $250 mil.,https://careers.wagner-group.com/go/Alle-Jobs/3843301/,
Solvias,www.solvias.com,https://www.solvias.com/careers,$100 mil. - $250 mil.,https://iabxas.fa.ocs.oraclecloud.com/hcmUI/CandidateExperience/en/sites/CX_1/jobs/preview/244,
Ipte,www.ipte.com,https://www.ipte.com/careers,$100 mil. - $250 mil.,https://www.ipte.com/jobs/detail/it-system-administrator-mwd,
Perma-Pipe International,www.permapipe.com,https://www.permapipe.com/careers,$100 mil. - $250 mil.,https://www.paycomonline.net/v4/ats/web.php/portal/4279AFC1B4E24987CF55E7836C668C06/jobs/287718,
Stanley Engineered Fastening,www.stanleyengineeredfastening.com,https://www.stanleyengineeredfastening.com/careers,$100 mil. - $250 mil.,https://sbdinc.wd1.myworkdayjobs.com/en-US/Stanley_Black_Decker_Career_Site?jobFamilyGroup=138cf99b9c4910007a02e3667fe80000,
Wanco,www.wanco.com,https://www.wanco.com/careers,$100 mil. - $250 mil.,https://www.ziprecruiter.com/co/Wanco-Inc/Jobs?hiring_company=7c4570ff&lk=6Xbt3cq3vY5zwjtDB_Qfzg,
Precision Planting,www.precisionplanting.com,https://www.precisionplanting.com/careers,$100 mil. - $250 mil.,https://careers.agcocorp.com/go/View-All-Jobs/9335900/,
Bandit Industries,www.banditchippers.com,https://www.banditchippers.com/careers,$100 mil. - $250 mil.,https://banditchippers.com/careers/,
Data Device Corporation,www.ddc-web.com,https://www.ddc-web.com/careers,$100 mil. - $250 mil.,https://ddc.hrmdirect.com/employment/job-openings.php?search=true&dept=342560&city=-1&state=-1&cust_sort1=178059,
Heidelberg Engineering,www.heidelbergengineering.com,https://www.heidelbergengineering.com/careers,$100 mil. - $250 mil.,https://heidelberg-engineering.job-shop.com/heidelberg-engineering-en/category/it/8d8c60d3-b161-5ac6-9a63-3ff6a246d1f0,
Hypertec,www.hypertec.com,https://www.hypertec.com/careers,$100 mil. - $250 mil.,https://recruiting.ultipro.ca/HYP5001HYGI/JobBoard/ecb46a16-1a69-4e02-990e-0d1eb10c17e9/OpportunityDetail?opportunityId=a1573758-0ba2-4e79-afa9-bb797aa51cfc,
MechoShade,www.mechoshade.com,https://www.mechoshade.com/careers,$100 mil. - $250 mil.,https://careers-mechoshades.icims.com/jobs/search?ss=1&searchCategory=8730,
NSI-MI Technologies,www.nsi-mi.com,https://www.nsi-mi.com/careers,$100 mil. - $250 mil.,https://jobs.ametek.com/go/Information-Technology/8885300/,
Datapath,www.datapath.com,https://www.datapath.com/careers,$100 mil. - $250 mil.,https://www.paycomonline.net/v4/ats/web.php/portal/13086EB95BB41A9B5ADD096D9EC0EF88/career-page,
Foley Equipment,www.foleyeq.com,https://www.foleyeq.com/careers,$100 mil. - $250 mil.,https://jobs.foleyeq.com/careers?_gl=1*1l74nw3*_gcl_au*ODAzMzgzMTg5LjE3ODQ3MjkyMzc.*_ga*MjA0MDkxNTgyNy4xNzg0NzI5MjM3&start=0&pid=893396040003&sort_by=hot,
Mt. Olive Pickle,www.mtolivepickles.com,https://www.mtolivepickles.com/careers,$100 mil. - $250 mil.,https://recruiting.paylocity.com/recruiting/jobs/All/79f4eea2-8daa-4a10-827f-54e4abf74c9b/Mt-Olive-Pickle-Company?location=All%20Locations&department=Administrative%20and%20IT,
Acutec Precision Aerospace,www.acutecprecision.com,https://www.acutecprecision.com/careers,$100 mil. - $250 mil.,https://acutecprecision.com/careers/,
Bay State Milling,www.baystatemilling.com,https://www.baystatemilling.com/careers,$100 mil. - $250 mil.,https://recruiting.ultipro.com/BAY1002BAYSM/JobBoard/e59174da-c780-45f8-a72f-5b451eed285a/OpportunityDetail?opportunityId=e091d722-a0ff-48a3-a763-5bdd408c18dc&sourceId=09144c5d-5096-49f7-a5c6-cf472f0501ea,
ArgonST,www.argonst.com,https://www.argonst.com/careers,$100 mil. - $250 mil.,https://jobs.boeing.com/category/information-technology-jobs/185/2630/1,
Mt Olive Pickles,www.mtolivepickles.com,https://www.mtolivepickles.com/careers,$100 mil. - $250 mil.,https://recruiting.paylocity.com/recruiting/jobs/All/79f4eea2-8daa-4a10-827f-54e4abf74c9b/Mt-Olive-Pickle-Company?location=All%20Locations&department=Administrative%20and%20IT,
EATON Tripp Lite,tripplite.eaton.com,https://tripplite.eaton.com/careers,$100 mil. - $250 mil.,https://eaton.eightfold.ai/careers?start=0&location=WI%2C+United+States&pid=687236757948&sort_by=distance&filter_include_remote=1,
Comtech EF Data,www.comtechefdata.com,https://www.comtechefdata.com/careers,$100 mil. - $250 mil.,https://workforcenow.adp.com/mascsr/default/mdf/recruitment/recruitment.html?cid=09a14fa2-30e8-49e6-80ed-82a5812bd326&ccId=9200365399883_2&lang=en_US,
Comtech,www.comtechefdata.com,https://www.comtechefdata.com/careers,$100 mil. - $250 mil.,https://workforcenow.adp.com/mascsr/default/mdf/recruitment/recruitment.html?cid=09a14fa2-30e8-49e6-80ed-82a5812bd326&ccId=9200365399883_2&lang=en_US,
Nutricia North America,www.nutricia-na.com,https://www.nutricia-na.com/careers,$100 mil. - $250 mil.,https://careers.danone.com/us/en/jobs.html?1039033885_group.propertyvalues.property=jcr%3Acontent%2Fdata%2Fmaster%2Fcountry&1039033885_group.propertyvalues.operation=equals&1039033885_group.propertyvalues.84_values=United%20States&-36712540_group.propertyvalues.property=jcr%3Acontent%2Fdata%2Fmaster%2Fcountry&-36712540_group.propertyvalues.operation=equals&-36712540_group.propertyvalues.84_values=United%20States&layout=teaserList&p.offset=0&p.limit=12&fulltext=*,
Motor Controls Inc.,www.motorcontrols.com,https://www.motorcontrols.com/careers,$100 mil. - $250 mil.,https://mci.criterionhcm.com/jobs/276/1/,
Doble,www.doble.com,https://www.doble.com/careers,$100 mil. - $250 mil.,https://escotech.rec.pro.ukg.net/ESC1001ESTI/JobBoard/088def80-27d5-4b37-8fd3-1070632afc7e/OpportunityDetail?opportunityId=666ada09-c86b-4dc5-a7aa-7697d3914672,
X-energy,www.x-energy.com,https://www.x-energy.com/careers,$100 mil. - $250 mil.,https://xenergy.wd5.myworkdayjobs.com/X-energyUS?_gl=1*b7lur3*_gcl_au*MTIxODAwNzM5Ni4xNzg0NzM3NDI3*_ga*NTA3NDA4MTU2LjE3ODQ3Mzc0Mjc.*_ga_VZEL02XYGK*czE3ODQ3Mzc0MjUkbzEkZzAkdDE3ODQ3Mzc0MjUkajYwJGwwJGgw&jobFamilyGroup=e00c578fbee51000c3c272ffd8f20000,
Colonna's Shipyard,www.colonnaship.com,https://www.colonnaship.com/careers,$100 mil. - $250 mil.,https://www.colonnaship.com/careers/,
USfalcon,www.usfalcon.com,https://www.usfalcon.com/careers,$100 mil. - $250 mil.,https://recruiting.ultipro.com/USF1003UFLC/JobBoard/94666f6d-c6f2-47ce-a7c6-e41d0b8f4784/OpportunityDetail?opportunityId=6d17bf02-065a-4529-bc38-13e1708b9d01,
SM Jaleel,www.smjaleel.net,https://www.smjaleel.net/careers,$100 mil. - $250 mil.,https://www.smjaleel.net/careers-at-smj/smj-job-portal/job-categories/,
Marotta Controls,www.marotta.com,https://www.marotta.com/careers,$100 mil. - $250 mil.,https://marotta.com/job-openings/?_gl=1*1wmx3z5*_up*MQ..*_ga*MjkwNDYxMDMzLjE3ODQ3NDEwNjk.*_ga_94MZ09F9WQ*czE3ODQ3NDEwNjckbzEkZzAkdDE3ODQ3NDEwNjckajYwJGwwJGgw,
Ecore International,www.ecoreintl.com,https://www.ecoreintl.com/careers,$100 mil. - $250 mil.,https://jobs.dayforcehcm.com/ecore/CANDIDATEPORTAL?searchText=it,
Verathon,www.verathon.com,https://www.verathon.com/careers,$100 mil. - $250 mil.,https://intl-careers-verathon.icims.com/jobs/search?hashed=-625890681&mobile=false&width=1905&height=500&bga=true&needsRedirect=false&jan1offset=-300&jun1offset=-240,
Duke Manufacturing,www.dukemfg.com,https://www.dukemfg.com/careers,$100 mil. - $250 mil.,https://dukemfg.aaimtrack.com/jobs/1316831,
Tech-Etch,www.techetch.com,https://www.techetch.com/careers,$100 mil. - $250 mil.,https://careers.techetch.com/search/jobs/in?_gl=1%2A1s50ufd%2A_gcl_au%2AMTk2NTYwNDM0OS4xNzg0Nzk5MjY2%2A_ga%2AMjUyMjU0MzgyLjE3ODQ3OTkyNjY.%2A_ga_NHL60JSR6H%2AczE3ODQ3OTkyNjYkbzEkZzAkdDE3ODQ3OTkyNjYkajYwJGwwJGgw&page=1#,
Coghlin Companies,www.coghlincompanies.com,https://www.coghlincompanies.com/careers,$100 mil. - $250 mil.,https://careers.techetch.com/jobs/17960057-erp-system-developer,
SPIROL,www.spirol.com,https://www.spirol.com/careers,$100 mil. - $250 mil.,https://spirol.applicantpro.com/jobs/4150009,
Endries International,www.endries.com,https://www.endries.com/careers,$100 mil. - $250 mil.,https://recruiting2.ultipro.com/END1019EINT/JobBoard/96c8fa83-f2b4-494a-afb5-11f09019f278/OpportunityDetail?opportunityId=d11bec3c-19e4-45ec-b20d-743fa5258c4e,
TIDI Products,www.tidiproducts.com,https://www.tidiproducts.com/careers,$100 mil. - $250 mil.,https://secure4.saashr.com/ta/6095384.careers?CareersSearch=&lang=en-US,
Affiliated Distributors,www.adhq.com,https://www.adhq.com/careers,$100 mil. - $250 mil.,https://recruiting.paylocity.com/Recruiting/Jobs/Details/4234915,
Stellar Industries,www.stellarindustries.com,https://www.stellarindustries.com/careers,$100 mil. - $250 mil.,https://www.stellarindustries.com/company/careers/?_sfm_paylocity_sub_category=IT,
BriskHeat,www.briskheat.com,https://www.briskheat.com/careers,$100 mil. - $250 mil.,https://www.briskheat.com/pages/careers,
SEKISUI Aerospace,www.sekisuiaerospace.com,https://www.sekisuiaerospace.com/careers,$100 mil. - $250 mil.,https://workforcenow.adp.com/mascsr/default/mdf/recruitment/recruitment.html?cid=54a4e977-5ddb-4e59-a5e5-1fdd0b57dc57&ccId=19000101_000001&lang=en_US&jobId=510384,
VulcanForms,www.vulcanforms.com,https://www.vulcanforms.com/careers,$100 mil. - $250 mil.,https://www.vulcanforms.com/careers/#open-positions,
Sport Truck USA,www.sporttruckusainc.com,https://www.sporttruckusainc.com/careers,$100 mil. - $250 mil.,https://foxfactory.wd1.myworkdayjobs.com/FOX/2/refreshFacet/318c8bb6f553100021d223d9780d30be?_ga=2.86912283.2020451805.1649087351-451540446.1640185107,
Maysteel Industries,www.maysteel.com,https://www.maysteel.com/careers,$100 mil. - $250 mil.,https://jobs.dayforcehcm.com/maysteel/CANDIDATEPORTAL?searchText=it,
ONTIC,www.ontic.com,https://www.ontic.com/careers,$100 mil. - $250 mil.,https://ontic.wd103.myworkdayjobs.com/OnticCareers?jobFamilyGroup=080ea90efae31002087c353373470000,
"PDI, Inc.",www.pdihc.com,https://www.pdihc.com/careers,$100 mil. - $250 mil.,https://recruiting.ultipro.com/NIC1003/JobBoard/d93555cb-6498-e637-8827-342b0f2a5a29/OpportunityDetail?opportunityId=4494fd7b-bb5e-4a0c-94c6-0e2765baa526,
Mitutoyo America,www.mitutoyo.com,https://www.mitutoyo.com/careers,$100 mil. - $250 mil.,https://recruiting2.ultipro.com/MIT1004MTA/JobBoard/bb216e86-609a-4fdb-8eda-111fd9e9c1c6/?q=&o=postedDateDesc,
Novaspect,www.novaspect.com,https://www.novaspect.com/careers,$100 mil. - $250 mil.,https://novaspect.wd501.myworkdayjobs.com/External_Careers_SG,
Technetics Group,www.technetics.com,https://www.technetics.com/careers,$100 mil. - $250 mil.,https://careers.enpro.com/jobs/business-analyst-france,
Kearfott,www.kearfott.com,https://www.kearfott.com/careers,$100 mil. - $250 mil.,https://myjobs.adp.com/kearfott/cx/job-listing,
SJE,www.sjeinc.com,https://www.sjeinc.com/careers,$100 mil. - $250 mil.,https://recruiting2.ultipro.com/SJE1000SJE/JobBoard/a2614d20-75f3-4120-90a2-f1fe99b8f180/OpportunityDetail?opportunityId=2db01379-afde-414b-80f2-2678aecb97a9,
G.S. Precision,www.gsprecision.com,https://www.gsprecision.com/careers,$100 mil. - $250 mil.,https://recruiting.paylocity.com/Recruiting/Jobs/All/0f81e467-2225-4403-b209-c835c41d23c2?location=All%20Locations&department=All%20Departments,
StarTech.com,www.startech.com,https://www.startech.com/careers,$100 mil. - $250 mil.,https://recruiting.ultipro.ca/STA5000/JobBoard/68b70271-ba63-2cc8-8cd7-ce2a93c4592a/?q=&o=postedDateDesc,
Utility Trailer Manufacturing Company,www.utilitytrailer.com,https://www.utilitytrailer.com/careers,$100 mil. - $250 mil.,https://utilitytrailer.rec.pro.ukg.net/UTI1500UTTM/JobBoard/cf02e4d0-b305-4b29-ba63-4a65ede33f45/?q=&o=postedDateDesc,
Universal Avionics,www.universalavionics.com,https://www.universalavionics.com/careers,$100 mil. - $250 mil.,https://recruiting.ultipro.com/UNI1039UASC/JobBoard/6038d855-6c9a-480e-9c31-fccbf1f9f16f/OpportunityDetail?opportunityId=07ba33e2-42a7-46a1-a49b-e1dba09b684d,
Orizon,www.orizonaero.com,https://www.orizonaero.com/careers,$100 mil. - $250 mil.,https://recruiting.ultipro.com/TEC1003/JobBoard/981a3aea-a9ea-35fd-9a20-79e1ce161cdc/?q=&o=postedDateDesc&w=&wc=&we=&wpst=,
TUUCI,www.tuuci.com,https://www.tuuci.com/careers,$100 mil. - $250 mil.,https://www.tuuci.com/job-listings/web-developer/,
Presrite,www.presrite.com,https://www.presrite.com/careers,$100 mil. - $250 mil.,https://presrite.com/resources/careers/,
DPT Laboratories,www.dptlabs.com,https://www.dptlabs.com/careers,$100 mil. - $250 mil.,https://viatris.wd5.myworkdayjobs.com/External?jobFamilyGroup=9f6b0777f7451000c9ebe79bfd1a0000,
Packsize,www.packsize.com,https://www.packsize.com/careers,$100 mil. - $250 mil.,https://packsize.wd108.myworkdayjobs.com/Packsize_Careers?jobFamilyGroup=18b0f329c9211000ce8f13be85dd0000,
G.A.L. Manufacturing,www.gal.com,https://www.gal.com/careers,$100 mil. - $250 mil.,https://www.paycomonline.net/v4/ats/web.php/portal/380E3F94F801BE605FB05A2398782D0D/career-page,
Douglas Machine,www.douglas-machine.com,https://www.douglas-machine.com/careers,$100 mil. - $250 mil.,https://secure3.entertimeonline.com/ta/6142834.careers?CareersSearch=&lang=en-US,
Lightera,www.lightera.com,https://www.lightera.com/careers,$100 mil. - $250 mil.,https://myjobs.adp.com/lighteracareers/cx/job-listing?keyword=IT,
United Wheels,www.unitedwheels.com,https://www.unitedwheels.com/careers,$100 mil. - $250 mil.,https://recruitingbypaycor.com/career/CareerHome.action?clientId=8a7883c68ab5129a018afbd77ef02487,
BiOrigin Specialty Products,www.bioriginsp.com,https://www.bioriginsp.com/careers,$100 mil. - $250 mil.,https://workforcenow.adp.com/mascsr/default/mdf/recruitment/recruitment.html?cid=2807e50f-8363-4764-88b3-ed33730e4f30&ccId=9200684310310_2&lang=en_US,
Infiltrator Water Technologies,www.infiltratorwater.com,https://www.infiltratorwater.com/careers,$100 mil. - $250 mil.,https://careers-adspipe.icims.com/jobs/search?ss=1&searchCategory=8730,
AxoGen,www.axogeninc.com,https://www.axogeninc.com/careers,$100 mil. - $250 mil.,https://www.axogeninc.com/about-axogen/careers/,
Consolidated Aerospace Manufacturing,www.camaerospace.com/bristol,https://www.camaerospace.com/careers,$100 mil. - $250 mil.,https://fa-exty-saasfaprod1.fa.ocs.oraclecloud.com/hcmUI/CandidateExperience/en/sites/CX_1/jobs?lastSelectedFacet=CATEGORIES&selectedCategoriesFacet=300000230597050,
Paul Mueller,www.paulmueller.com,https://www.paulmueller.com/careers,$100 mil. - $250 mil.,https://my.paulmueller.com/Careers/Index,
SCRAM Systems,www.scramsystems.com,https://www.scramsystems.com/careers,$100 mil. - $250 mil.,https://alcoholmonitoring.atsondemand.com/#/jobDescription/913550/,
Geospace,www.geospace.com,https://www.geospace.com/careers,$100 mil. - $250 mil.,https://www.geospace.com/company/careers/,
Noven,www.noven.com,https://www.noven.com/careers,$100 mil. - $250 mil.,https://careers-noven.icims.com/jobs/search?ss=1&searchCategory=8739,
Geospace Technologies,www.geospace.com,https://www.geospace.com/careers,$100 mil. - $250 mil.,https://www.geospace.com/company/careers/,
ILSCO,www.ilsco.com,https://www.ilsco.com/careers,$100 mil. - $250 mil.,https://nvent.wd5.myworkdayjobs.com/en-US/nVent/jobs?jobFamilyGroup=9977415ffa0a01ccda15ca9c40138729,
FS-Elliott,www.fs-elliott.com,https://www.fs-elliott.com/careers,$100 mil. - $250 mil.,https://fs-elliott.pinpointhq.com/#js-careers-jobs-block,
Nederman,www.nederman.com,https://www.nederman.com/careers,$100 mil. - $250 mil.,https://www.nedermangroup.com/en/career/available-jobs/job?rmpage=job&rmjob=330,
Acumed,www.acumed.net,https://www.acumed.net/careers,$100 mil. - $250 mil.,https://marmon.wd501.myworkdayjobs.com/Marmon_Careers?locationCountry=bc33aa3152ec42d4995f4791a106ed09&jobFamilyGroup=6125f3a207e30101f2741fe2fa220000,
Ingersoll Rand Air Compressors,www.ingersollrand.com,https://www.ingersollrand.com/careers,$100 mil. - $250 mil.,https://careers.irco.com/go/Latin-America/9515700/,
TREW,www.trewautomation.com,https://www.trewautomation.com/careers,$100 mil. - $250 mil.,https://info.trewautomation.com/careers,
DiversiTech,www.diversitech.com,https://www.diversitech.com/careers,$100 mil. - $250 mil.,https://info.trewautomation.com/careers,
Cerus,www.cerus.com,https://www.cerus.com/careers,$100 mil. - $250 mil.,https://www.cerus.com/careers/job-board/,
Celeros Flow Technology,www.celerosft.com,https://www.celerosft.com/careers,$100 mil. - $250 mil.,https://careers.celerosft.com/job/Houston-IT-Manager%2C-Power-BI-&-Analytics-TX-77041/1363584700/,
PBI-Gordon,www.pbigordon.com,https://www.pbigordon.com/careers,$100 mil. - $250 mil.,https://job-boards.greenhouse.io/pbigordoncompaniesinc,
Amazon Robotics,amazon.jobs/amazon-robotics,https://amazon.jobs/careers,$100 mil. - $250 mil.,https://amazon.jobs/en/search?offset=0&result_limit=10&sort=relevant&category%5B%5D=operations-it-support-engineering&country%5B%5D=USA&distanceType=Mi&radius=24km&latitude=&longitude=&loc_group_id=&loc_query=&base_query=&city=&country=&region=&county=&query_options=&,
Milton CAT,www.miltoncat.com,https://www.miltoncat.com/careers,$100 mil. - $250 mil.,https://careers-miltoncat.icims.com/jobs/search?ss=1&searchCategory=8730,
Taco Comfort Solutions,www.tacocomfort.com,https://www.tacocomfort.com/careers,$100 mil. - $250 mil.,https://www.tacocomfort.com/careers/join-us/,
Bell Flavors & Fragrances,www.bellff.com,https://www.bellff.com/careers,$100 mil. - $250 mil.,https://recruiting.ultipro.com/BEL1002/JobBoard/a959899d-f27a-8c4a-8199-ac3705946d70/?q=&o=postedDateDesc&f4=KwmMqmObkVCVllI3WBpI8g&f5=vGNjotGNOEWg4lEXKTNLxQ,
US Tool Group,www.ustg.net,https://www.ustg.net/careers,$100 mil. - $250 mil.,https://ustg.net/home/careers/,
FlexSteel,www.flexsteelpipe.com,https://www.flexsteelpipe.com/careers,$100 mil. - $250 mil.,https://recruiting2.ultipro.com/CAC1001CACC/JobBoard/f2a84cb9-d6a9-4c57-b94d-e66e1ac45ab8/?q=&o=postedDateDesc&w=&wc=&we=&wpst=&f5=P1TkUW9Fi0ye8N-voXXlqA,
Janicki Industries,www.janicki.com,https://www.janicki.com/careers,$100 mil. - $250 mil.,https://recruiting2.ultipro.com/JAN1000JANI/JobBoard/693b35f4-c147-4487-97c3-600a31f4816b/OpportunityDetail?opportunityId=0755959b-4c6b-490e-903c-856896ea6f7f,
Belmark,www.belmark.com,https://www.belmark.com/careers,$100 mil. - $250 mil.,https://belmark.hrmdirect.com/employment/job-opening.php?req=3681732#job,
Johnson Equipment Company,www.jequip.com,https://www.jequip.com/careers,$100 mil. - $250 mil.,https://www.paycomonline.net/v4/ats/web.php/portal/674B4C8DCF3F698B9785455E564A738B/career-page,
Dura Supreme Cabinetry,www.durasupreme.com,https://www.durasupreme.com/careers,$100 mil. - $250 mil.,https://masterbrand.wd12.myworkdayjobs.com/en-US/Careers?locationCountry=bc33aa3152ec42d4995f4791a106ed09&jobFamilyGroup=c10b700787d010018c51270f19350000,
ElectroCraft,www.electrocraft.com,https://www.electrocraft.com/careers,$100 mil. - $250 mil.,https://electrocraft.com/company/careers/,
BW Flexible Systems,www.bwflexiblesystems.com,https://www.bwflexiblesystems.com/careers,$100 mil. - $250 mil.,https://barrywehmiller.wd1.myworkdayjobs.com/BWCareers?jobFamilyGroup=7616d4d26f961005009307a16a4148f9&primaryLocation=ac566b87a60a01e885a436bb8c10bf3d,
California Dairies,www.californiadairies.com,https://www.californiadairies.com/careers,$100 mil. - $250 mil.,https://jobs.dayforcehcm.com/cadry/CANDIDATEPORTAL?searchText=IT,
Avid Bioservices,www.avidbio.com,https://www.avidbio.com/careers,$100 mil. - $250 mil.,https://avidbio.com/about/careers/open-positions/,
Form Energy,www.formenergy.com,https://www.formenergy.com/careers,$100 mil. - $250 mil.,https://formenergy.com/careers/open-jobs/?ashby_department_id=0b82f427-0da2-4cff-bbb6-b75b919ac937,
GT's Living Foods,www.gtslivingfoods.com,https://www.gtslivingfoods.com/careers,$100 mil. - $250 mil.,https://gtslivingfoods.com/pages/job-board,
Ceco Door,www.cecodoor.com,https://www.cecodoor.com/careers,$100 mil. - $250 mil.,https://www.assaabloy.com/career/en/open-positions#/,
Delta Star,www.deltastar.com,https://www.deltastar.com/careers,$100 mil. - $250 mil.,https://jobs.dayforcehcm.com/deltastar/CANDIDATEPORTAL?searchText=IT&locationString=Charlotte%2C+NC%2C+USA&distance=15&locationId=1&locationType=2,
Pioneer Landscape Centers,www.pioneerco.com,https://www.pioneerco.com/careers,$100 mil. - $250 mil.,https://careers.siteone.com/jobs?categories=IT&page=1,
Nortek Data Center Cooling,www.nortekdatacenter.com,https://www.nortekdatacenter.com/careers,$100 mil. - $250 mil.,https://nortekinc.wd503.myworkdayjobs.com/nortekdcc?jobFamilyGroup=638ad2331a841064dde4738d05145ae7,
Cleveland Brothers CAT,www.clevelandbrothers.com,https://www.clevelandbrothers.com/careers,$100 mil. - $250 mil.,https://myjobs.adp.com/cbroextcx/cx/job-listing?rb=CBCSViewPositions&keyword=IT,
The Visual Pak Companies,www.visualpak.com,https://www.visualpak.com/careers,$100 mil. - $250 mil.,https://www.paycomonline.net/v4/ats/web.php/portal/4891199D6425C3570CB65C4904BF098D/career-page,
Rahr Malting,www.rahr.com,https://www.rahr.com/careers,$100 mil. - $250 mil.,https://rahr.com/careers/#job-postings,
Xeris Biopharma,www.xerispharma.com,https://www.xerispharma.com/careers,$100 mil. - $250 mil.,https://xerispharma.wd503.myworkdayjobs.com/xerispharmaceuticalscareers?jobFamily=cdae249862e3100103e9e4fc4a260000,
Brentwood,www.brentwoodindustries.com,https://www.brentwoodindustries.com/careers,$100 mil. - $250 mil.,https://www.brentwoodindustries.com/about/careers/,
Uniform Advantage,www.uabrandscareers.com,https://www.uabrandscareers.com/careers,$100 mil. - $250 mil.,https://www.uabrandscareers.com/jobs/technology-development/,
ASSA ABLOY Door Security Solutions,www.assaabloydss.com,https://www.assaabloydss.com/careers,$100 mil. - $250 mil.,https://www.assaabloy.com/career/en/open-positions/job-categories/engineering,
K&N,www.knfilters.com,https://www.knfilters.com/careers,$100 mil. - $250 mil.,https://www.paycomonline.net/v4/ats/web.php/portal/EBB1A53BEC77A20E896D67B429445D42/career-page,
McCain,www.mccain-inc.com,https://www.mccain-inc.com/careers,$100 mil. - $250 mil.,https://recruiting.paylocity.com/Recruiting/Jobs/All/7067ae2f-7b5c-4bcc-97a6-7318f4b0a201/McCain-Inc?search=IT&location=All%20Locations&department=All%20Departments,
Surya,www.surya.com,https://www.surya.com/careers,$100 mil. - $250 mil.,https://workforcenow.adp.com/mascsr/default/mdf/recruitment/recruitment.html?cid=2ae1166e-f5de-44c9-b17f-aa9ff1154f0d&ccId=19000101_000001&lang=en_US,
HYTORC,www.hytorc.com,https://www.hytorc.com/careers,$100 mil. - $250 mil.,https://hytorc.rec.pro.ukg.net/UNE1500UNEX/JobBoard/2b7d8849-589b-4d34-a9c1-dd2ff2b8d9ff?q=&o=postedDateDesc&f5=er_FANvmoEG0eCEFR466yg,
Lc Industries,www.lcindustries.com,https://www.lcindustries.com/careers,$100 mil. - $250 mil.,https://recruiting.ultipro.com/LCI1000LCIN/JobBoard/f344a078-07a4-443e-af53-91e477cf7d3f/?q=&o=postedDateDesc&w=&wc=&we=&wpst=&f5=pEGrpNsDIES7J0m6P1nsBQ,
BioFire Defense,www.biofiredefense.com,https://www.biofiredefense.com/careers,$100 mil. - $250 mil.,https://jobs.dayforcehcm.com/biofire/CANDIDATEPORTAL?searchText=IT,
Ouster,www.ouster.com,https://www.ouster.com/careers,$100 mil. - $250 mil.,https://ouster.applytojob.com/apply/R5uubUu0OT/Desktop-Support-Engineer,
Tonal,www.tonal.com,https://www.tonal.com/careers,$100 mil. - $250 mil.,https://tonal.com/pages/careers?ashby_jid=2977196f-ed10-4222-a551-4fff4acbbf38,
Locus Robotics,www.locusrobotics.com,https://www.locusrobotics.com/careers,$100 mil. - $250 mil.,https://locusrobotics.com/company/careers/job-openings?f_viewall=0&f_page=1&f_posttype=jobs&f_limit=12&f_search=&f_region=&f_location=&f_jobtype=&f_employementtype=&f_department=engineering&utm_source=LocusCareers&utm_medium=301#content-filter,
CTC Global,www.ctcglobal.com,https://www.ctcglobal.com/careers,$100 mil. - $250 mil.,https://www.paycomonline.net/v4/ats/web.php/portal/78BF9BAF9D7E94FD00257CAF253CB31E/career-page,
Indie Semiconductor,www.indiesemi.com,https://www.indiesemi.com/careers,$100 mil. - $250 mil.,https://www.indie.inc/careers/job-opportunities/,
Mainspring Energy,www.mainspringenergy.com,https://www.mainspringenergy.com/careers,$100 mil. - $250 mil.,https://jobs.lever.co/mainspringenergy?department=Operational%20Tech%20and%20Sys,
Astranis,www.astranis.com,https://www.astranis.com/careers,$100 mil. - $250 mil.,https://www.astranis.com/careers,
Vast,www.vastspace.com,https://www.vastspace.com/careers,$100 mil. - $250 mil.,https://www.vastspace.com/careers?departments=IT,
PDF Solutions,www.pdf.com,https://www.pdf.com/careers,$100 mil. - $250 mil.,https://careers.pdf.com/careers-home/jobs?categories=Information%20Technology&page=1,
Helion,www.helionenergy.com,https://www.helionenergy.com/careers,$100 mil. - $250 mil.,https://www.helionenergy.com/careers/open-positions,
Dandy,www.meetdandy.com,https://www.meetdandy.com/careers,$100 mil. - $250 mil.,https://www.meetdandy.com/careers/?ashby_jid=e529047f-af7d-40a7-9592-f547b3b859ba,
BioDuro,www.bioduro.com,https://www.bioduro.com/careers,$100 mil. - $250 mil.,https://jobs.workable.com/search?location=United+States,
Transphorm,www.transphormusa.com,https://www.transphormusa.com/careers,$100 mil. - $250 mil.,https://jobs.renesas.com/jobs?options=24&page=1,
Seaman Paper,www.seamanpaper.com,https://www.seamanpaper.com/careers,$100 mil. - $250 mil.,https://www.seamanpaper.com/careers?department=609ABD21-704F-2162-07B2-5A3CFD5A3AC5,
Ruggable,www.ruggable.com,https://www.ruggable.com/careers,$100 mil. - $250 mil.,https://job-boards.greenhouse.io/ruggable/jobs/7815908003,
RugsUSA,www.rugsusa.com,https://www.rugsusa.com/careers,$100 mil. - $250 mil.,https://ats.rippling.com/rugsusa/jobs,
Tractian,www.tractian.com,https://www.tractian.com/careers,$100 mil. - $250 mil.,https://careers.tractian.com/jobs?department=IT,
Redox,www.redox.com,https://www.redox.com/careers,$100 mil. - $250 mil.,https://apply.workable.com/redox/,
Capella Space,www.capellaspace.com,https://www.capellaspace.com/careers,$100 mil. - $250 mil.,https://job-boards.greenhouse.io/embed/job_board?for=capellaspace,
Biolyst Scientific,www.biolyst.com,https://www.biolyst.com/careers,$100 mil. - $250 mil.,https://www.paycomonline.net/v4/ats/web.php/portal/A6C9C324015B2E9C6B6FEFBA1E2F3486/career-page,
Glowforge,www.glowforge.com,https://www.glowforge.com/careers,$100 mil. - $250 mil.,https://jobs.lever.co/glowforge,
Olipop,www.drinkolipop.com,https://www.drinkolipop.com/careers,$100 mil. - $250 mil.,https://job-boards.greenhouse.io/olipop,
Quince,www.quince.com,https://www.quince.com/careers,$100 mil. - $250 mil.,https://job-boards.greenhouse.io/quince?departments%5B%5D=4054786008&offices%5B%5D=4046620008,
Carbon Robotics,www.carbonrobotics.com,https://www.carbonrobotics.com/careers,$100 mil. - $250 mil.,https://carbonrobotics.com/job-openings,
Hydrotex,www.hydrotexlube.com,https://www.hydrotexlube.com/careers,$100 mil. - $250 mil.,https://recruiting2.ultipro.com/CSW1002CSWI/JobBoard/45220d28-f191-42b7-878c-f4d4a4987652?q=&o=postedDateDesc&w=&wc=&we=&wpst=&f5=Oun9QXxDC0mzaEyhQfqm6A,
Oura Ring,www.ouraring.com,https://www.ouraring.com/careers,$100 mil. - $250 mil.,https://ouraring.com/careers#open-positions,
STARK,www.starkcarpet.com,https://www.starkcarpet.com/careers,$100 mil. - $250 mil.,https://starkcarpet.com/pages/careers?selectedbrand=stark_brand,
ZLINE Kitchen and Bath,www.zlinekitchen.com,https://www.zlinekitchen.com/careers,$100 mil. - $250 mil.,https://zline.bamboohr.com/careers/288,
The Farmer's Dog,www.thefarmersdog.com,https://www.thefarmersdog.com/careers,$100 mil. - $250 mil.,https://job-boards.greenhouse.io/thefarmersdog?departments%5B%5D=4074159002,
Dezurik,www.dezurik.com,https://www.dezurik.com/careers,$100 mil. - $250 mil.,https://www.dezurik.com/careers/,
Re:Build Manufacturing,www.rebuildmanufacturing.com,https://www.rebuildmanufacturing.com/careers,$100 mil. - $250 mil.,https://rebuildmanufacturing.com/careers/all-openings/,
TerraSource Global,www.terrasource.com,https://www.terrasource.com/careers,$100 mil. - $250 mil.,https://terrasource.com/careers/,
BillionToOne,www.billiontoone.com,https://www.billiontoone.com/careers,$100 mil. - $250 mil.,https://www.billiontoone.com/careers/open-positions,
Mott,www.mottcorp.com,https://www.mottcorp.com/careers,$100 mil. - $250 mil.,https://idexcorporation.jobs/job-family/information-technology/jobs/,
Ceragon Networks,www.ceragon.com,https://www.ceragon.com/careers,$100 mil. - $250 mil.,https://www.ceragon.com/about-ceragon/careers,
Autocar,www.autocartruck.com,https://www.autocartruck.com/careers,$100 mil. - $250 mil.,https://jobs.jobvite.com/autocar/jobs/areas?c=Technology,
Laborie,www.laborie.com,https://www.laborie.com/careers,$100 mil. - $250 mil.,https://jobs.jobvite.com/laborie/job/oYFQzfwM,
Daily Harvest,www.daily-harvest.com,https://www.daily-harvest.com/careers,$100 mil. - $250 mil.,https://careers.chobani.com/search/?createNewAlert=false&q=&optionsFacetsDD_dept=Information+Technology&optionsFacetsDD_customfield2=&optionsFacetsDD_location=,
Ro,www.ro.co,https://www.ro.co/careers,$100 mil. - $250 mil.,https://ro.co/careers/#open-roles,
Blink Charging,www.blinkcharging.com,https://www.blinkcharging.com/careers,$100 mil. - $250 mil.,https://blinkcharging.com/company/careers,
Boston Dynamics,www.bostondynamics.com,https://www.bostondynamics.com/careers,$100 mil. - $250 mil.,https://bostondynamics.com/careers/#jobs,
Arcadia,www.arcadiainc.com,https://www.arcadiainc.com/careers,$100 mil. - $250 mil.,https://workforcenow.adp.com/mascsr/default/mdf/recruitment/recruitment.html?cid=ccd74f4a-a9f5-457b-9738-346574383d58&ccId=19000101_000001&lang=en_US&selectedMenuKey=CareerCenter&jobId=624775,
Moose,www.moosetoys.com,https://www.moosetoys.com/careers,$100 mil. - $250 mil.,https://moosetoys.taleo.net/careersection/1_xxa_external_career_portal/jobsearch.ftl?lang=en#,
Ursa Major Technologies,www.ursamajor.com,https://www.ursamajor.com/careers,$100 mil. - $250 mil.,https://ursamajor.com/careers/,
Carbon,www.carbon3d.com,https://www.carbon3d.com/careers,$100 mil. - $250 mil.,https://job-boards.greenhouse.io/carbon/jobs/5180833007,
RAD,www.rad.com,https://www.rad.com/careers,$100 mil. - $250 mil.,https://www.rad.com/career/?position_location%5B%5D=45&position_department%5B%5D=38,
Mountain Valley Spring,www.mountainvalleyspring.com,https://www.mountainvalleyspring.com/careers,$100 mil. - $250 mil.,https://careers.primobrands.com/jobs?country=United%20States&categories=Information%20Technology&page=1,
Great HealthWorks,www.greathealthworks.com,https://www.greathealthworks.com/careers,$100 mil. - $250 mil.,https://workforcenow.adp.com/mascsr/default/mdf/recruitment/recruitment.html?cid=f27a57dc-6501-4133-9e4d-8dab4008258a&ccId=19000101_000001&type=JS&lang=en_US,
STAAR Surgical,www.staar.com,https://www.staar.com/careers,$100 mil. - $250 mil.,https://phg.tbe.taleo.net/phg01/ats/careers/v2/searchResults?org=STAAR&cws=38,
Niterra North America,www.ngksparkplugs.com,https://www.ngksparkplugs.com/careers,$100 mil. - $250 mil.,https://workforcenow.adp.com/mascsr/default/mdf/recruitment/recruitment.html?cid=23354965-305e-4328-8f00-d2192aa6b2d5&ccId=19000101_000001&lang=en_US,
Silfex,www.silfex.com,https://www.silfex.com/careers,$100 mil. - $250 mil.,https://silfex.wd503.myworkdayjobs.com/en-US/Silfex/details/Lead-IT-Systems-Engineer--Hybrid---Cloud---On-Prem-_JR100011?jobFamily=8f7d1570893610018a7f1239b5b60002,
Byrne,www.byrne.com,https://www.byrne.com/careers,$100 mil. - $250 mil.,https://recruiting.ultipro.com/BYR1000BYRNE/JobBoard/d5855859-9eae-dd60-5965-11eeffbec7a1/?q=&o=postedDateDesc&f5=Wlyjk4euLkm8l9PsRKvOUQ,
Abbott Nutrition,www.abbottnutrition.com,https://www.abbottnutrition.com/careers,$100 mil. - $250 mil.,https://www.jobs.abbott/us/en/c/information-technology-jobs,
Attends Healthcare Products,www.attends.com,https://www.attends.com/careers,$100 mil. - $250 mil.,https://jobs.jobvite.com/attindas/search?l=&c=&t=&q=,
Jubilant Pharma US,www.jubilantpharma.com,https://www.jubilantpharma.com/careers,$100 mil. - $250 mil.,https://jubilantcareer.jubl.com/,
Larson Manufacturing,www.larsondoors.com,https://www.larsondoors.com/careers,$100 mil. - $250 mil.,https://www.fbin.com/careers/search-careers/?location=il_deerfield%2Cnv_las_vegas&department=Information+Technology,
Clark Pacific,www.clarkpacific.com,https://www.clarkpacific.com/careers,$100 mil. - $250 mil.,https://recruiting2.ultipro.com/CLA1022CLPF/JobBoard/f5760845-76c6-4185-9222-214e1b5a7811/?q=&o=postedDateDesc&f5=jds4hjJj-0u30swjecN26Q,
The Ritedose,www.ritedose.com,https://www.ritedose.com/careers,$100 mil. - $250 mil.,https://www.paycomonline.net/v4/ats/web.php/portal/5702BA602BDFD014E187005D263BBC8D/career-page,
Resonetics,www.resonetics.com,https://www.resonetics.com/careers,$100 mil. - $250 mil.,https://careers-resonetics.icims.com/jobs/search?ss=1&searchCategory=8741,
Motion Conveyance Solutions,www.miconveyancesolutions.com,https://www.miconveyancesolutions.com/careers,$100 mil. - $250 mil.,https://jobs.genpt.com/search-jobs/,
Mariani Packing,www.mariani.com,https://www.mariani.com/careers,$100 mil. - $250 mil.,https://www.paycomonline.net/v4/ats/web.php/portal/79CE3FA04627902A755AAF7F8D76DD74/jobs/20671,
Milwaukee Electronics,www.milwaukeeelectronics.com,https://www.milwaukeeelectronics.com/careers,$100 mil. - $250 mil.,https://recruiting2.ultipro.com/MIL1029MWEC/JobBoard/eff6564d-7fbd-47cc-ac15-174e2176e120/?q=&o=postedDateDesc&w=&wc=&we=&wpst=&f5=pQcT8NErpE-Jsj0fNeIV8w,
Rhinestahl,www.rhinestahl.com,https://www.rhinestahl.com/careers,$100 mil. - $250 mil.,https://www.rhinestahl.com/careers/,
Radwell,www.radwell.com,https://www.radwell.com/careers,$100 mil. - $250 mil.,https://jobs.silkroad.com/RI/USCAREERS?StartDate=&EndDate=&SearchString=&SelectedCategory=36315&SelectedPositionType=,
Setra Systems,www.setra.com,https://www.setra.com/careers,$100 mil. - $250 mil.,https://ralliant.eightfold.ai/careers?domain=ralliant.com&start=0&pid=&sort_by=hot&filter_department=Information+Technology&filter_efcustom_text_operatingcompany=gems+setra,
Tolmar,www.tolmar.com,https://www.tolmar.com/careers,$100 mil. - $250 mil.,https://recruiting.ultipro.com/TOL1001TOLMA/JobBoard/d1569a66-00f5-4887-b2a9-048c2d9169a7/?q=&o=postedDateDesc&f5=_mBJigcluEa_5FvzK-9KyQ,
Irwin Seating,www.irwinseating.com,https://www.irwinseating.com/careers,$100 mil. - $250 mil.,https://secure10.saashr.com/ta/6016090.careers?CareersSearch=&lang=en-US,
Rodan + Fields,www.rodanandfields.com,https://www.rodanandfields.com/careers,$100 mil. - $250 mil.,https://jobs.jobvite.com/careers/rodan-and-fields-llc/jobs?__jvst=Career%20Site,
AMVAC Chemical,www.amvac.com,https://www.amvac.com/careers,$100 mil. - $250 mil.,https://workforcenow.adp.com/mascsr/default/mdf/recruitment/recruitment.html?cid=2b489b1b-869f-44b7-b7d0-77a911ff8f69&ccId=19000101_000001&lang=en_US&jobId=954548,
Mayne Pharma,www.maynepharma.com,https://www.maynepharma.com/careers,$100 mil. - $250 mil.,https://www.maynepharma.com/your-career/us-job-opportunities/,
Airspan Networks,www.airspan.com,https://www.airspan.com/careers,$100 mil. - $250 mil.,https://airspan.com/careers/airspan-careers/?e-filter-f08844f-job_category=software-engineering,
Advanced Accelerator Applications,www.adacap.com,https://www.adacap.com/careers,$100 mil. - $250 mil.,https://www.novartis.com/careers/career-search?search_api_fulltext=&functional_area%5B%5D=FCT_IT&country%5B%5D=LOC_US&field_job_posted_date=All&op=Submit,
Catalyst MedTech,www.catalystmedtech.com,https://www.catalystmedtech.com/careers,$100 mil. - $250 mil.,https://www.paycomonline.net/v4/ats/web.php/portal/2C6AC592C3B34B07D8BF87922828B7D0/career-page,
Bimeda,www.bimeda.com,https://www.bimeda.com/careers,$100 mil. - $250 mil.,https://www.bimedacareers.com/search-jobs?issearch=1&theme=jobs&ordering=publishUp&category_id=23,
VSE Aviation,www.vseaviation.com,https://www.vseaviation.com/careers,$100 mil. - $250 mil.,https://www.paycomonline.net/v4/ats/web.php/portal/7FAD41E489F0E4DB4546880755BB9E49/career-page,
Wencor Group,www.wencor.com,https://www.wencor.com/careers,$100 mil. - $250 mil.,https://myjobs.adp.com/heico/cx/job-listing?keyword=IT,
Desktop Metal,www.desktopmetal.com,https://www.desktopmetal.com/careers,$100 mil. - $250 mil.,https://www.desktopmetal.com/careers,
Crown Bakeries,www.crownbakeries.com,https://www.crownbakeries.com/careers,$100 mil. - $250 mil.,https://olivia.paradox.ai/co/CrownBakeries4/Jobs,
BK Medical,www.bkmedical.com,https://www.bkmedical.com/careers,$100 mil. - $250 mil.,https://careers.gehealthcare.com/global/en/search-results,
Mercer Valve,www.mercervalve.net,https://www.mercervalve.net/careers,$100 mil. - $250 mil.,https://www.paycomonline.net/v4/ats/web.php/portal/6F82E3696CD1ABC843EC92026B903ED7/career-page,
Avadel Pharmaceuticals,www.avadel.com,https://www.avadel.com/careers,$100 mil. - $250 mil.,https://careers.alkermes.com/#en/sites/CX_1/jobs?lastSelectedFacet=TITLES&selectedTitlesFacet=IT,
Rise Baking,www.risebakingcompany.com,https://www.risebakingcompany.com/careers,$100 mil. - $250 mil.,https://www.risebakingcompany.com/careers/#block_e2d3ba7dd7ff4c33f1b42afc30a59858,
New York Air Brake,www.nyab.com,https://www.nyab.com/careers,$100 mil. - $250 mil.,https://careers.knorr-bremse.com/NewYorkAirBrake/content/search/?locale=en_US&locale=en_US&currentPage=1&pageSize=12&functionalArea=IT+%2F+Information+Technology&addresses%2Fcountry=United+States,
Nidec Minster,www.minster.com,https://www.minster.com/careers,$100 mil. - $250 mil.,https://minster.applicantpool.com/jobs/,
Mitsubishi Electric Power Products,www.meppi.com,https://www.meppi.com/careers,$100 mil. - $250 mil.,https://www.meppi.com/meppijobpostingsexternal?_gl=1*5as1k0*_up*MQ..*_ga*MTcyMTk4OTE1Ny4xNzg1MTY3MDY2*_ga_40MPG2QQ3J*czE3ODUxNjcwNjUkbzEkZzAkdDE3ODUxNjcwNjUkajYwJGwwJGgw,
Ford Pro,www.fordpro.com,https://www.fordpro.com/careers,$100 mil. - $250 mil.,https://efds.fa.em5.oraclecloud.com/hcmUI/CandidateExperience/en/sites/CX_1/jobs?keyword=Ford+Pro&lastSelectedFacet=CATEGORIES&location=United+States&locationId=300000000425727&locationLevel=country&mode=location&selectedCategoriesFacet=300002487990164,
IEWC,www.iewc.com,https://www.iewc.com/careers,$100 mil. - $250 mil.,https://jobs.dayforcehcm.com/iewc/CANDIDATEPORTAL?searchText=IT,
Formerra,www.formerra.com,https://www.formerra.com/careers,$100 mil. - $250 mil.,https://job-boards.greenhouse.io/formerra?departments%5B%5D=4016313009,
Mizuho OSI,www.mizuhosi.com,https://www.mizuhosi.com/careers,$100 mil. - $250 mil.,https://careers.mizuhosi.com/go/All-Careers/8951400/,
Karma Automotive,www.karmaautomotive.com,https://www.karmaautomotive.com/careers,$100 mil. - $250 mil.,https://secure3.entertimeonline.com/ta/6119018.careers?CareersSearch=&lang=en-US,
Arbonne,www.arbonne.com,https://www.arbonne.com/careers,$100 mil. - $250 mil.,https://workforcenow.adp.com/mascsr/default/mdf/recruitment/recruitment.html?cid=0ed398ee-80e9-4f3b-afbb-00f9c09bc08b&ccId=19000101_000001&lang=en_US,
Novus International,www.novusint.com,https://www.novusint.com/careers,$100 mil. - $250 mil.,https://recruiting.ultipro.com/CEL1005NIICL/JobBoard/e504b239-6fdb-4f4a-bd51-ba28bb5d0c94/?q=&o=postedDateDesc,
MAUI JIM,www.mauijim.com,https://www.mauijim.com/careers,$100 mil. - $250 mil.,https://myhana.wd5.myworkdayjobs.com/en-US/mauijim?jobFamilyGroup=1b1359e87650108180d72ca2627ed4a1,
Louis Poulsen,www.louispoulsen.com,https://www.louispoulsen.com/careers,$100 mil. - $250 mil.,https://www.louispoulsen.com/en/job,
Selig Sealing Products Inc,www.seliggroup.com,https://www.seliggroup.com/careers,$100 mil. - $250 mil.,https://www.seliggroup.com/careers/#joblistings,
Skullcandy,www.skullcandy.com,https://www.skullcandy.com/careers,$100 mil. - $250 mil.,https://skullcandy.applicantpro.com/jobs/,
OTT Hydromet,www.otthydromet.com,https://www.otthydromet.com/careers,$100 mil. - $250 mil.,https://jobs.veralto.com/global/en/c/information-technology-jobs,
Cardinal Health,www.cardinalhealth.com,https://www.cardinalhealth.com/careers,$100 mil. - $250 mil.,https://jobs.cardinalhealth.com/search/searchjobs?categoryid=869eece2-5ebe-481c-8170-e72bab63214f,
Lakeland Industries,www.lakeland.com,https://www.lakeland.com/careers,$100 mil. - $250 mil.,https://workforcenow.adp.com/mascsr/default/mdf/recruitment/recruitment.html?cid=450eb175-b9e7-4bcc-a072-82ff9b602881&ccId=19000101_000001&lang=en_US&selectedMenuKey=CareerCenter&jobId=557505,
HT Electric,www.nivelparts.com,https://www.nivelparts.com/careers,$100 mil. - $250 mil.,https://recruiting.ultipro.com/NIV1000NIVEL/JobBoard/f7ed5f8c-b467-4c27-b992-5f62efd7b05c/?q=&o=postedDateDesc&f5=jyFgS8QAfE2lfQeaKJBlaw,
Walter Surface Technologies,www.walter.com,https://www.walter.com/careers,$100 mil. - $250 mil.,https://www.walter.com/us/careers,
ZAGG,www.zagg.com,https://www.zagg.com/careers,$100 mil. - $250 mil.,https://eu.zagg.com/careers/,
Stanislaus Food Products,www.stanislaus.com,https://www.stanislaus.com/careers,$100 mil. - $250 mil.,https://recruiting2.ultipro.com/STA1045STAFP/JobBoard/647cb3f9-edae-414e-a5fe-c4a67c86dd6a/?q=&o=postedDateDesc&f5=e7E3PWVy5EaI5gumDFD-tw,
Wyld,www.wyldcanna.com,https://www.wyldcanna.com/careers,$100 mil. - $250 mil.,https://wyld.pinpointhq.com/en/postings/bc96f2ff-0964-4088-8378-99a9c412545a,
Cranial Technologies,www.cranialtech.com,https://www.cranialtech.com/careers,$100 mil. - $250 mil.,https://www.cranialtech.com/careers/jobs,
Verdesian Life Sciences,www.vlsci.com,https://www.vlsci.com/careers,$100 mil. - $250 mil.,https://recruiting.ultipro.com/VER1014VLSUL/JobBoard/00042818-e26c-4f44-bef2-a2e36ee1e57a/?q=&o=postedDateDesc&f5=hhmIkJRkvEaR6guQDzKDTg,
Flexan,www.flexan.com,https://www.flexan.com/careers,$100 mil. - $250 mil.,https://careers.irco.com/job/Tlalnepantla-Senior-AI-Engineer-Ciud-54070/1375992700/,
VERDESIAN,www.vlsci.com,https://www.vlsci.com/careers,$100 mil. - $250 mil.,https://recruiting.ultipro.com/VER1014VLSUL/JobBoard/00042818-e26c-4f44-bef2-a2e36ee1e57a/?q=&o=postedDateDesc&f5=hhmIkJRkvEaR6guQDzKDTg,
BlueHalo,www.bluehalo.com,https://www.bluehalo.com/careers,$100 mil. - $250 mil.,https://avav.wd1.myworkdayjobs.com/AVAV?jobFamily=bb2d517954d1100104b3fd4d8ff50000&jobFamily=2918cf27e1ff013608fdf23016201620&jobFamily=5ed9d589cb7c10010495ef95e4540000&jobFamily=5ed9d589cb7c100104951323cd490000,
Landauer,www.landauer.com,https://www.landauer.com/careers,$100 mil. - $250 mil.,https://fortive.eightfold.ai/careers?domain=fortive.com&start=0&pid=893396304967&sort_by=hot,
Natural Gas Services Group,www.ngsgi.com,https://www.ngsgi.com/careers,$100 mil. - $250 mil.,https://ngsgi.wd108.myworkdayjobs.com/en-US/External/details/IT-Infrastructure-Manager_JR100070,
Protenergy,www.protenergyfoods.com,https://www.protenergyfoods.com/careers,$100 mil. - $250 mil.,https://treehouse.wd1.myworkdayjobs.com/TreeHouseCareers?jobFamilyGroup=7875cfabdd8c105c530a07a3af931cce,
SureWerx,www.surewerx.com,https://www.surewerx.com/careers,$100 mil. - $250 mil.,https://careers.surewerx.com/s/positions,
Oscor,www.oscor.com,https://www.oscor.com/careers,$100 mil. - $250 mil.,https://integer.wd1.myworkdayjobs.com/External?jobFamilyGroup=53931db52eba01a2a568940eb054a116,
3-Dimensional Services Group,www.3dimensional.com,https://www.3dimensional.com/careers,$100 mil. - $250 mil.,https://www.paycomonline.net/v4/ats/web.php/portal/A6399B394D8650BEAD46B7381C3571E1/jobs/144792,
Insitu,www.insitu.com,https://www.insitu.com/careers,$100 mil. - $250 mil.,https://insitu.wd1.myworkdayjobs.com/Careers?jobFamilyGroup=355e02cf5548012795e259adb554731f,
BrassCraft,www.brasscraft.com,https://www.brasscraft.com/careers,$100 mil. - $250 mil.,https://jobs.masco.com/brasscraft/us/en/c/information-technology-jobs,
Skydio,www.skydio.com,https://www.skydio.com/careers,$100 mil. - $250 mil.,https://www.skydio.com/careers#job-listing,
Hoosier Racing Tire,www.hoosiertire.com,https://www.hoosiertire.com/careers,$100 mil. - $250 mil.,"https://jobs.continental.com/en/#/?fieldOfWork_stringS=b99ff13c-96c8-4a72-b427-dec7effd7338&location=%7B%22title%22:%22United%20States%22,%22type%22:%22country%22,%22countryCode%22:%22us%22%7D",
Focal Point,www.focalpointlights.com,https://www.focalpointlights.com/careers,$100 mil. - $250 mil.,https://careers.legrand.com/en/sites/CX_1001/job/259/jobs/jobs?lastSelectedFacet=CATEGORIES&mode=location&selectedCategoriesFacet=300000006055729,
Firefly Aerospace,www.fireflyspace.com,https://www.fireflyspace.com/careers,$100 mil. - $250 mil.,https://fireflyspace.com/careers/?department=EB9C5CEF-A043-27F7-6D37-3875376A3BAE,
Ontic companies,www.ontic.com,https://www.ontic.com/careers,$100 mil. - $250 mil.,https://ontic.wd103.myworkdayjobs.com/OnticCareers?jobFamilyGroup=080ea90efae31002087c353373470000,
Voyager,www.voyagertechnologies.com,https://www.voyagertechnologies.com/careers,$100 mil. - $250 mil.,https://voyagertechnologies.com/company/join-us/,
LNK,www.lnkintl.com,https://www.lnkintl.com/careers,$100 mil. - $250 mil.,https://lnkintl.applicantpro.com/jobs/3956997,
L.A. Darling,www.ladarling.com,https://www.ladarling.com/careers,$100 mil. - $250 mil.,https://marmon.wd501.myworkdayjobs.com/en-US/Marmon_Careers/jobs?Group=f2111d18d70f0139bbf2979af401d94a&locationCountry=bc33aa3152ec42d4995f4791a106ed09&jobFamilyGroup=6125f3a207e30101f2741fe2fa220000,
Kraus USA,www.kraususa.com,https://www.kraususa.com/careers,$100 mil. - $250 mil.,https://jobs.masco.com/deltafaucet/us/en/c/information-technology-jobs,
Accurus Aerospace,www.accurusaero.com,https://www.accurusaero.com/careers,$100 mil. - $250 mil.,https://jobs.dayforcehcm.com/accurusaero/CANDIDATEPORTAL?searchText=IT,
All American Poly,www.allamericanpoly.com,https://www.allamericanpoly.com/careers,$100 mil. - $250 mil.,https://allamericanpoly.com/careers/,
Apacer,www.apacer.com,https://www.apacer.com/careers,$100 mil. - $250 mil.,"https://www.104.com.tw/company/18rjuzk0?jobCat=2007001005,2007001004,2007001020,2007002006,2007002002,2007002005&page=1&pageSize=20&order=8&asc=0&tab=job#info06",
Arctic Cat,www.arcticcat.com,https://www.arcticcat.com/careers,$100 mil. - $250 mil.,https://recruiting.paylocity.com/recruiting/jobs/All/b7f675f9-7269-4563-a2e6-dcb6003ebe72/Arctic-Cat-Careers?location=All%20Locations&department=Information%20Technology%20%26%20Finance,
Capstone Green Energy,www.capstonegreenenergy.com,https://www.capstonegreenenergy.com/careers,$100 mil. - $250 mil.,https://www.capstoneenergyplus.com/about/careers,
Coca-Cola,www.coca-colafabrikasi.com,https://www.coca-colafabrikasi.com/careers,$100 mil. - $250 mil.,https://careers.coca-colacompany.com/?category[]=Digital%20%26%20Technology,
Del Real Foods,www.delrealfoods.com,https://www.delrealfoods.com/careers,$100 mil. - $250 mil.,https://workforcenow.adp.com/mascsr/default/mdf/recruitment/recruitment.html?cid=e8d8be73-93e3-49db-85a1-535422ca902a&ccId=19000101_000001&lang=en_US&jobId=565154,
Everidge,www.everidge.com,https://www.everidge.com/careers,$100 mil. - $250 mil.,https://www.paycomonline.net/v4/ats/web.php/portal/17DAD2DB01D80256A98388561F4CEF57/career-page,
Flexsys,www.flexsys.com,https://www.flexsys.com/careers,$100 mil. - $250 mil.,https://recruiting.paylocity.com/recruiting/jobs/All/aa4436ca-1da0-46dc-9b35-7deab51b7144/FLEXSYS-AMERICA?location=All%20Locations&department=Technology,
HyperX Systems,www.hyperx.com,https://www.hyperx.com/careers,$100 mil. - $250 mil.,https://apply.hp.com/careers?start=0&pid=&sort_by=timestamp&filter_job_category=data+%26+information+technology,
INTEGRA Biosciences,www.integra-biosciences.com,https://www.integra-biosciences.com/careers,$100 mil. - $250 mil.,https://www.integra-biosciences.com/global/en/careers/open-positions,
InvenSense,invensense.tdk.com,https://invensense.tdk.com/careers,$100 mil. - $250 mil.,https://phh.tbe.taleo.net/phh04/ats/careers/v2/viewRequisition?org=INVENSENSE&cws=44&rid=8240,
IQVIA Biotech,www.iqviabiotech.com,https://www.iqviabiotech.com/careers,$100 mil. - $250 mil.,"https://jobs.iqvia.com/en/jobs?cities=Abilene,Abingdon,Ada,Adair,Afton,Ainsworth,Akron,Albany,Albuquerque,Alexandria,Anchorage,Ann+Arbor,Annapolis,Arlington,Asheville,Atlanta,Atlantic+City,Aurora,Austin,Avon,Baltimore,Batesville,Bellingham,Belmar,Belmont,Bentonville,Berkeley,Bethesda,Bethlehem,Beverly+Hills,Billings,Bismarck,Bloomington,Boise,Boston,Bountiful,Bowling+Green,Breckenridge,Bridgeport,Buffalo,Bullhead+City,Burbank,Burlingame,Burlington,Camden,Carlsbad,Cary,Casper,Chapel+Hill,Charleston,Charlotte,Chattanooga,Chesapeake,Cheyenne,Chicago,Chicago+Heights,Chino+Hills,Cincinnati,Clarksville,Cleveland,Clinton,Coeur+d%27Alene,Cold+Spring,Collegeville,Colorado+Springs,Colton,Columbia,Columbus,Concord,Coral+Gables,Corpus+Christi,Cottage+Grove,Covington,Crystal+Lake,Culver+City,Dallas,Daly+City,Danbury,Del+Mar,Denver,Des+Moines,Detroit,Downers+Grove,Durham,El+Cajon,Elgin,Elizabethton,Elk+Grove,Elkhorn,Englewood,Escondido,Eugene,Evanston,Everett,Fairfax,Falls+Church,Flint,Florida+City,Fort+Collins,Fort+Lauderdale,Fort+Pierce,Fort+Worth,Franklin,Fredericksburg,Fremont,Fulton,Gainesville,Gaithersburg,Gilbert,Glendale,Gloucester,Grants+Pass,Green+Bay,Greensboro,Greenwich,Hackensack,Harrisonville,Hartford,Hawaii,Henderson,Hollywood,Houston,Hudson,Idaho+Falls,Indianapolis,Irving,Ithaca,Jacksonville,Jasper,Jefferson+City,Johnson+City,Kansas+City,King+of+Prussia,Kirkland,Knoxville,La+Habra,Lafayette,Lancaster,Las+Vegas,Lawton,Lee%27s+Summit,Lexington,Lincoln,Linden,Little+Rock,Littleton,Liverpool,Logansport,Los+Angeles,Louisville,Manassas,Manchester,Mansfield,Marietta,Marysville,Medford,Melbourne,Memphis,Merritt+Island,Mesa,Miami,Milwaukee,Minden,Minneapolis,Moreno+Valley,Mount+Vernon,Myrtle+Beach,Nampa,Naperville,Naples,Nashville,New+City,New+Haven,New+Orleans,New+Providence,New+York,New+York+City,Newark,North+Chicago,Northborough,Northfield,O%27Fallon,Oak+Brook,Oakland,Oklahoma+City,Olympia,Omaha,Ontario,Orangevale,Orchard+Park,Orland+Park,Orlando,Overland+Park,Owensboro,Paducah,Panama+City,Paradise+Valley,Parsippany,Peoria,Philadelphia,Phoenix,Pittsburgh,Plano,Pleasant+View,Pocatello,Port+Saint+Lucie,Portland,Prescott,Providence,Raleigh,Reading,Red+Bank,Redding,Redondo+Beach,Reno,Richmond,Riverside,Roanoke,Rochester,Rochester+Hills,Rockville,Rosemont,Sacramento,Saint+Petersburg,Salem,Salt+Lake+City,San+Antonio,San+Diego,San+Fernando,San+Francisco,San+Jose,San+Juan,San+Leandro,San+Mateo,San+Ramon,SanFrancisco,Santa+Clarita,Santa+Cruz,Santa+Fe,Santa+Monica,Savannah,Schererville,Scottsdale,Seattle,Shenandoah,Shreveport,Silver+Spring,Sioux+City,Sioux+Falls,Sonora,South+Ogden,Sparks,Spokane,Springfield,St.+George,St.+Louis,Sun+Valley,Syracuse,Tacoma,Tallahassee,Tampa,Tucson,Tulsa,Utica,Valencia,Valparaiso,Vancouver,Versailles,Virginia+Beach,Walnut+Creek,Warren,Washington,Washington+DC,Wayne,West+Palm+Beach,West+Point,Wichita,Wilkes-Barre,Wilmington,Winston-Salem,Winter+Park,Woodbridge,Worcester&categories=IT+Design+and+Development#job-listing",
ITM,www.itm-radiopharma.com,https://www.itm-radiopharma.com/careers,$100 mil. - $250 mil.,https://itm.onlyfy.jobs/en?customField_22917=1114009,
Kent Moore Cabinets,www.kmc.net,https://www.kmc.net/careers,$100 mil. - $250 mil.,https://www.paycomonline.net/v4/ats/web.php/portal/79FB6FA2E98F2F6A7ADC57BC358ADC2E/career-page,
Lucta,www.lucta.com,https://www.lucta.com/careers,$100 mil. - $250 mil.,https://www.lucta.com/en/careers/,
Mindr,www.mindr.com,https://www.mindr.com/careers,$100 mil. - $250 mil.,https://cstmyhr.rec.pro.ukg.net/CON1501CSTEC/JobBoard/ca862638-d0ff-4764-abe3-e2a4aa0eed46/?q=&o=postedDateDesc&f5=AWZZR_OfwUqOXv_O_nSUMg+b4OqsSQDpk6ccfms1cNt2A,
MIPS Technologies,www.mips.com,https://www.mips.com/careers,$100 mil. - $250 mil.,https://careers.gf.com/careers?start=0&pid=563980770449746&sort_by=hot&filter_department=IT,
Neenah Paper and Packaging,www.neenahpaper.com,https://www.neenahpaper.com/careers,$100 mil. - $250 mil.,https://careers.mativ.com/search/?q=&locationsearch=&searchResultView=LIST&markerViewed=&carouselIndex=&facetFilters=%7B%22filter1%22%3A%5B%22Information+Technology%22%5D%7D&pageNumber=0,
Nestle Brazil,www.nestle.com.br,https://www.nestle.com.br/careers,$100 mil. - $250 mil.,https://www.nestle.com.br/jobs/search-jobs?keyword=&country=&location=&career_area=4401,
Osprey Packs,www.osprey.com,https://www.osprey.com/careers,$100 mil. - $250 mil.,https://careers.helenoftroy.com/search?category_id%5B%5D=7#job-search-results,
Rapidise.co,www.rapidise.co,https://www.rapidise.co/careers,$100 mil. - $250 mil.,https://career.rapidise.co/?title=&type=&category=9,
Sepax Technologies,www.sepax-tech.com,https://www.sepax-tech.com/careers,$100 mil. - $250 mil.,https://www.sepax-tech.com/aboutsepax/careers/,
T1 Energy,www.t1energy.com,https://www.t1energy.com/careers,$100 mil. - $250 mil.,https://t1energy.com/careers/?ashby_department_id=0d1c6091-7c80-4f62-b348-dc95d0ba5f16,
The Atlas Group,www.atlasgroupaero.com,https://www.atlasgroupaero.com/careers,$100 mil. - $250 mil.,https://careers-atlas-aerospace.icims.com/jobs/search?ss=1&searchRelation=keyword_all&searchCategory=8730,
Viking Enterprise Solutions,www.vikingenterprisesolutions.com,https://www.vikingenterprisesolutions.com/careers,$100 mil. - $250 mil.,https://careers.sanmina.com/job-search?category_id=6,
Servier Pharmaceuticals,www.servier.us,https://www.servier.us/careers,$100 mil. - $250 mil.,https://jobs.servier.us/us/en/c/it-facilities-administration-jobs,
Qualitrol,www.qualitrolcorp.com,https://www.qualitrolcorp.com/careers,$100 mil. - $250 mil.,https://ralliant.eightfold.ai/careers?domain=ralliant.com&start=0&pid=1133914148192&sort_by=hot&filter_department=Information+Technology,
Stratasys,www.stratasys.com,https://www.stratasys.com/careers,$100 mil. - $250 mil.,https://careers.stratasys.com/search/?createNewAlert=false&q=IT&locationsearch=&optionsFacetsDD_country=&optionsFacetsDD_state=&optionsFacetsDD_customfield2=&optionsFacetsDD_city=,
Mueller,www.muellerinc.com,https://www.muellerinc.com/careers,$100 mil. - $250 mil.,https://jobs.cornerstonebuildingbrands.com/jobs?options=407&page=1,
PATH,www.path.org,https://www.path.org/careers,$100 mil. - $250 mil.,https://path.wd1.myworkdayjobs.com/External?jobFamilyGroup=c1ccbd42966810011c14529d89120000,
ZENNI,www.zennioptical.com,https://www.zennioptical.com/careers,$100 mil. - $250 mil.,https://job-boards.greenhouse.io/zennioptical?departments%5B%5D=4010477008,
Empower Pharmacy,www.empowerpharmacy.com,https://www.empowerpharmacy.com/careers,$100 mil. - $250 mil.,https://careers.empowerpharmacy.com/jobs/,
Ipsy,www.ipsycorporate.com,https://www.ipsycorporate.com/careers,$100 mil. - $250 mil.,https://www.ipsycorporate.com/careers/openpositions,
Kaplan Early Learning,www.kaplanco.com,https://www.kaplanco.com/careers,$100 mil. - $250 mil.,https://www.kaplanco.com/about/Careers.asp#careerListings,
Four Hands,www.fourhands.com,https://www.fourhands.com/careers,$100 mil. - $250 mil.,https://fourhands.com/openings,
Beauty Brands,www.beautybrands.com,https://www.beautybrands.com/careers,$100 mil. - $250 mil.,https://www.paycomonline.net/v4/ats/web.php/portal/61559AE7316DEBE511B39EE6E3774B5F/career-page,
ATS Scientific Products,www.scientificproducts.com,https://www.scientificproducts.com/careers,$100 mil. - $250 mil.,https://www.themuse.com/search/category/computer_it,
Foley,www.foleyinc.com,https://www.foleyinc.com/careers,$100 mil. - $250 mil.,https://workforcenow.adp.com/mascsr/default/mdf/recruitment/recruitment.html?cid=1ade3105-21ae-4d61-9971-023cb66226fd&ccId=19000101_000001&lang=en_US,
Grove Collaborative,www.grove.co,https://www.grove.co/careers,$100 mil. - $250 mil.,https://job-boards.greenhouse.io/grovecollaborative?departments%5B%5D=4049352008,
Roots,www.roots.com,https://www.roots.com/careers,$100 mil. - $250 mil.,https://jobs.dayforcehcm.com/roots/CANDIDATEPORTAL?searchText=IT,
PrimeVigilance,www.primevigilance.com,https://www.primevigilance.com/careers,$100 mil. - $250 mil.,https://jobs.smartrecruiters.com/Ergomed/744000137809370-it-technical-support-engineer?trid=ffe7e09a-864c-4835-9ee0-9a796fd731f6,
State Electric Supply,www.stateelectric.com,https://www.stateelectric.com/careers,$100 mil. - $250 mil.,https://recruiting.ultipro.com/ART1004STATE/JobBoard/99499998-c7cb-4e92-ad05-441a8fb991ce/?q=&o=postedDateDesc&f5=L6OfNqa0k0ifsNJgzOhYNg,
Bombas,www.bombas.com,https://www.bombas.com/careers,$100 mil. - $250 mil.,https://job-boards.greenhouse.io/bombas?departments%5B%5D=83833,
Cosma,www.magna.com/company/company-information/magna-groups/cosma,https://www.magna.com/careers,$100 mil. - $250 mil.,https://wd3.myworkdaysite.com/recruiting/magna/Magna?q=IT,
Mophie,www.mophie.com,https://www.mophie.com/careers,$100 mil. - $250 mil.,https://eu.zagg.com/careers/,
Cohere Health,www.coherehealth.com,https://www.coherehealth.com/careers,$100 mil. - $250 mil.,https://www.coherehealth.com/careers#open-positions,
IntegriChain,www.integrichain.com,https://www.integrichain.com/careers,$100 mil. - $250 mil.,https://careers.smartrecruiters.com/IntegriChain1,
ScriptPro,www.scriptpro.com,https://www.scriptpro.com/careers,$100 mil. - $250 mil.,https://workforcenow.adp.com/mascsr/default/mdf/recruitment/recruitment.html?cid=270cde4b-cc14-4dc5-9a7c-227061a80e8c&ccId=19000101_000001&lang=en_US,
i3 Verticals,www.i3verticals.com,https://www.i3verticals.com/careers,$100 mil. - $250 mil.,https://recruiting2.ultipro.com/IVE1000IVEC/JobBoard/ec3e4530-b925-46c7-8da5-602b6abf81e7/?q=&o=postedDateDesc&f5=__H8TNAPiEWvPWG7Vd5yzA,
Quantinuum,www.quantinuum.com,https://www.quantinuum.com/careers,$100 mil. - $250 mil.,https://jobs.eu.lever.co/quantinuum?department=IT%2FSecurity,
Stem,www.stem.com,https://www.stem.com/careers,$100 mil. - $250 mil.,https://ats.rippling.com/stem-inc/jobs,
Marmon Retail Solutions,www.marmonretailsolutions.com,https://www.marmonretailsolutions.com/careers,$100 mil. - $250 mil.,https://marmon.wd501.myworkdayjobs.com/Marmon_Careers?jobFamilyGroup=6125f3a207e30101f2741fe2fa220000&locationCountry=bc33aa3152ec42d4995f4791a106ed09,
Sigma,www.sigmacomputing.com,https://www.sigmacomputing.com/careers,$100 mil. - $250 mil.,https://www.sigmacomputing.com/company/careers,
CCS Medical,www.ccsmed.com,https://www.ccsmed.com/careers,$100 mil. - $250 mil.,https://careers-ccs-medical.icims.com/jobs/search?ss=1&searchCategory=8730,
One Inc,www.oneinc.com,https://www.oneinc.com/careers,$100 mil. - $250 mil.,https://oneinc.rec.pro.ukg.net/ONE1500ONEI/JobBoard/cab513e3-84a7-4143-9bd8-dcb9e005acfe/?q=&o=postedDateDesc,
Konami Gaming,www.konamigaming.com,https://www.konamigaming.com/careers,$100 mil. - $250 mil.,https://www.paycomonline.net/v4/ats/web.php/portal/01350CF494085F3FF60A45E3AB7A67DE/career-page,
Gemini,www.gemini.com,https://www.gemini.com/careers,$100 mil. - $250 mil.,https://www.gemini.com/careers#open-roles,
iA,www.iarx.com,https://www.iarx.com/careers,$100 mil. - $250 mil.,https://iarx.com/careers/,
Ultra Intelligence & Communications,www.ultra-ic.com,https://www.ultra-ic.com/careers,$100 mil. - $250 mil.,https://ultra.wd3.myworkdayjobs.com/en-US/UICCareers?_gl=1*113mwpj*_gcl_au*NDk1MjA0NzcwLjE3ODU0MjI3ODc.*_ga*MzczMzM5NzM2LjE3ODU0MjI3ODU.*_ga_HE8ZLKJVLP*czE3ODU0MjI3ODQkbzEkZzEkdDE3ODU0MjI3OTEkajU1JGwwJGgw&jobFamilyGroup=8f0ebc00023701a5981e0d0652019afa,
Parata Systems,www.parata.com,https://www.parata.com/careers,$100 mil. - $250 mil.,https://jobs.bd.com/en/search-jobs/IT/159/1?glat=17.4236&glon=78.4279,
Shield AI,www.shield.ai,https://www.shield.ai/careers,$100 mil. - $250 mil.,https://jobs.lever.co/shieldai?location=United%20States&department=Enterprise%20Operations%20Division,
Evolv Technology,www.evolvtechnology.com,https://www.evolvtechnology.com/careers,$100 mil. - $250 mil.,https://evolv.com/careers/#open-positions,
GPV Group,www.gpv-group.com,https://www.gpv-group.com/careers,$100 mil. - $250 mil.,https://gpvmexico.recruitee.com/,
SMART,www.smarttech.com,https://www.smarttech.com/careers,$100 mil. - $250 mil.,https://jobs.dayforcehcm.com/smarttech/CANDIDATEPORTAL?searchText=IT,
PokÃ©mon,www.pokemon.com,https://www.pokemon.com/careers,$100 mil. - $250 mil.,https://job-boards.greenhouse.io/pokemoncareers?departments%5B%5D=4024182003,
Carestream Dental,www.carestreamdental.com,https://www.carestreamdental.com/careers,$100 mil. - $250 mil.,https://job-boards.greenhouse.io/pokemoncareers?departments%5B%5D=4024182003,
Tobii Dynavox,www.tobiidynavox.com,https://www.tobiidynavox.com/careers,$100 mil. - $250 mil.,https://us.wd103.myworkdayjobs.com/tobii_dynavox?jobFamily=a2af3521c8531002eb39d0d4e69b0000,
Lightpath,www.lightpathfiber.com,https://www.lightpathfiber.com/careers,$100 mil. - $250 mil.,https://careers.lightpathfiber.com/jobs/information-technology/,
Compunetix,www.compunetix.com,https://www.compunetix.com/careers,$100 mil. - $250 mil.,https://www.compunetix.com/employment/,
CSafe Global,www.csafeglobal.com,https://www.csafeglobal.com/careers,$100 mil. - $250 mil.,https://workforcenow.adp.com/mascsr/default/mdf/recruitment/recruitment.html?cid=d3023170-5358-4496-8f4d-a9ab7fa530b4&ccId=718759190_759,
Able Aerospace Services,www.ableaerospace.com,https://www.ableaerospace.com/careers,$100 mil. - $250 mil.,https://textron.taleo.net/careersection/able/jobsearch.ftl?lang=en&portal=62100010125#,
Vane Brothers,www.vanebrothers.com,https://www.vanebrothers.com/careers,$100 mil. - $250 mil.,https://www.paycomonline.net/v4/ats/web.php/portal/2549D3747AFF851B44F885641C336D73/career-page,
New World Van Lines,www.nwvl.com,https://www.nwvl.com/careers,$100 mil. - $250 mil.,https://jobs.nwvl.com/#positions,
CMI,www.cmigrp.com,https://www.cmigrp.com/careers,$100 mil. - $250 mil.,https://cmigrp.com/careers/,
BonLook,www.bonlook.com,https://www.bonlook.com/careers,$100.3M,https://recruiting.ultipro.ca/FYI5000FYID/JobBoard/2f3e3a2c-3619-47a0-bb50-59b6f5e6300e/?q=&o=postedDateDesc&f5=Dfmgvf8wWk2Tp-GxdF327A,
Windsor Windows & Doors,www.windsorwindows.com,https://www.windsorwindows.com/careers,$100M,https://jobs.woodgrain.com/windsorwindows/go/All-Jobs-WW/9576100/?utm_source=CorpSite&markerViewed=&carouselIndex=&facetFilters=%7B%22cust_function%22%3A%5B%22IT+%2B+Information+Systems%22%5D%7D&pageNumber=0,
Jeppesen,jeppesen.com,https://jeppesen.com/careers,$100M - $500M,https://recruiting2.ultipro.com/FOR1029FREF/JobBoard/64ac66bb-52b9-46df-9a34-49db2308f2fe/?q=&o=postedDateDesc&f5=TRe6saUTNEiIU3giUllRig+l10ASEqEYkWrRnzIuapoTg,
Korry Electronics Co.,korry.com,https://korry.com/careers,$100M - $500M,https://korryelectronics.workgr8.com/categories/1/career-areas/6/information-technology,
Oshkosh AeroTech LLC,oshkoshaerotech.com,https://oshkoshaerotech.com/careers,$100M - $500M,https://careers.oshkoshcorp.com/us/en/oshkosh-aerotech,
Esterline Technologies Corporation,korry.com,https://korry.com/careers,$100M - $500M,https://korryelectronics.workgr8.com/categories/1/career-areas/6/information-technology,
Shoes for Crews,shoesforcrews.com,https://shoesforcrews.com/careers,$100M - $500M,https://shoesforcrews.hrmdirect.com/employment/job-openings.php?search=true&dept=233395&city=-1&state=-1,
KEEN,keenfootwear.com,https://keenfootwear.com/careers,$100M - $500M,https://www.keenfootwear.com/pages/careers-listings?4719562005&gh_jid=4719562005,
Rollease Acmeda,vineyardvines.com,https://vineyardvines.com/careers,$100M - $500M,https://recruiting.ultipro.com/VIN1003VINE/JobBoard/40482047-a7f3-434d-bd61-d246ea779eaa/?q=&o=postedDateDesc&w=&wc=&we=&wpst=&f5=XyvsNInATEGMefgUCu9AEg,
Sonny's Enterprises Inc.,sonnysdirect.com,https://sonnysdirect.com/careers,$100M - $500M,https://sonnysdirect.com/jobs_intro,
Matco Tools,matcotools.com,https://matcotools.com/careers,$100M - $500M,https://careers.vontier.com/us/en/search-results,
Highline Warren,highlinewarren.com,https://highlinewarren.com/careers,$100M - $500M,https://www.highlinewarren.com/job-openings,
Jasper Engines & Transmissions,jasperengines.com,https://jasperengines.com/careers,$100M - $500M,https://jobs.dayforcehcm.com/jet/CANDIDATEPORTAL?searchText=IT,
XPEL,xpel.com,https://xpel.com/careers,$100M - $500M,https://xpel.wd5.myworkdayjobs.com/XPEL_Careers?locationCountry=bc33aa3152ec42d4995f4791a106ed09&jobFamily=ff59b7caf62010011d926f2b19570001,
L&L Products,llproducts.com,https://llproducts.com/careers,$100M - $500M,https://fa-eosa-saasfaprod1.fa.ocs.oraclecloud.com/hcmUI/CandidateExperience/en/sites/CX_3001/jobs?lastSelectedFacet=ORGANIZATIONS&selectedOrganizationsFacet=300000006378348,
Ete Reman,etereman.com,https://etereman.com/careers,$100M - $500M,https://recruiting2.ultipro.com/ENG1004EATE/JobBoard/00fba3f3-0f96-4c1b-b157-61a47110cabf/?q=&o=postedDateDesc&f5=QiJFn8AfC0elQ5GkGT6VMw,
Servco Pacific Inc.,servco.com,https://servco.com/careers,$100M - $500M,https://servco.wd5.myworkdayjobs.com/Servco_Careers?jobFamily=4fe2eeb3808510012af6f108eb300000,
Hoosier Racing Tire Corp.,hoosiertire.com,https://hoosiertire.com/careers,$100M - $500M,"https://jobs.continental.com/en/#/?fieldOfWork_stringS=b99ff13c-96c8-4a72-b427-dec7effd7338&location=%7B%22title%22:%22United%20States%22,%22type%22:%22country%22,%22countryCode%22:%22us%22%7D",
Hunter Engineering Company,hunter.com,https://hunter.com/careers,$100M - $500M,https://www.hunter.com/about-us/careers/available-jobs/?location=BRIDGETON%7CMO%7CUS&department=C6931DF1-09F6-5A1A-BCA9-2035ED66C977,
Hager Companies,hagerco.com,https://hagerco.com/careers,$100M - $500M,https://www.hagerco.com/careers,
EVI Industries Inc.,evi-ind.com,https://evi-ind.com/careers,$100M - $500M,https://www.evi-ind.com/careers,
Stanley Consultants,stanleyconsultants.com,https://stanleyconsultants.com/careers,$100M - $500M,https://jobs.lever.co/stanleygroup,
Primera Engineers,primeraeng.com,https://primeraeng.com/careers,$100M - $500M,https://primeraeng.com/careers/open-positions/,
Structural Integrity Associates,structint.com,https://structint.com/careers,$100M - $500M,https://structint.applytojob.com/apply,
Amerex Corporation,amerex-fire.com,https://amerex-fire.com/careers,$100M - $500M,https://careers.smartrecruiters.com/McWaneInc,
Traeger Inc.,traeger.com,https://traeger.com/careers,$100M - $500M,https://www.traeger.com/careers,
MannKind Corporation,mannkindcorp.com,https://mannkindcorp.com/careers,$100M - $500M,https://recruitingbypaycor.com/career/CareerHome.action?clientId=8a7883c67b979504017bd02a03511b78,
SynQor,synqor.com,https://synqor.com/careers,$100M - $500M,https://jobs.jobvite.com/synqor-careers?nl=1&viewmode=3&showpanel=1&cmscontentchanged=true&lang=en-US&langobjectlifetime=request&fr=true,
Basler,basler.com,https://basler.com/careers,$100M - $500M,https://www.basler.com/careers/,
Richards Manufacturing Company,richards-mfg.com,https://richards-mfg.com/careers,$100M - $500M,https://www.richards-mfg.com/career/,
NMB Technologies Corporation,nmbtc.com,https://nmbtc.com/careers,$100M - $500M,https://jobs.jobvite.com/nmbtc/jobs,
Evident Scientific,evidentscientific.com,https://evidentscientific.com/careers,$100M - $500M,https://careers-emea.evidentscientific.com/search/,
Inficon,inficon.com,https://inficon.com/careers,$100M - $500M,https://jobs.smartrecruiters.com/INFICON2,
MtronPTI,mtronpti.com,https://mtronpti.com/careers,$100M - $500M,https://mtron.com/career/,
Westak,westak.com,https://westak.com/careers,$100M - $500M,https://www.westak.com/careers--benefits.html,
Gelita,gelita.com,https://gelita.com/careers,$100M - $500M,https://www.gelita.com/en,
Beaver Street Fisheries,beaverstreetfisheries.com,https://beaverstreetfisheries.com/careers,$100M - $500M,https://bsfseafood.com/careers/,
Exemplis LLC,exemplis.com,https://exemplis.com/careers,$100M - $500M,https://careers.exemplis.com/search/,
OLM Food Solutions,flowpage.com,https://flowpage.com/careers,$100M - $500M,https://job-boards.greenhouse.io/flowcode,
Tesco Controls,tescocontrols.com,https://tescocontrols.com/careers,$100M - $500M,https://jobs.lever.co/uft,
Tech Etch,techetch.com,https://techetch.com/careers/,$100M - $500M,https://careers.techetch.com/search/jobs,
The Eastern Company,easterncompany.com,https://www.eberhard.com/careers,$100M - $500M,https://easterncompany.com/careers,
Powell Valves,powellvalves.com,https://powellvalves.com/careers.html,$100M - $500M,https://powellvalves.com/careers.html,
Horsburgh & Scott,horsburgh-scott.com,https://horsburgh-scott.com/careers/,$100M - $500M,https://recruitingbypaycor.com/career/CareerHome.action?clientId=8a7883d08e6803ea018e808cdfe8050e,
Stulz,stulz-usa.com,https://careers-us.stulz.com/,$100M - $500M,https://careers-us.stulz.com/search/,
Loren Cook Company,lorencook.com,https://lorencook.com/job-openings/,$100M - $500M,https://lorencook.com/job-openings/,
Verder Scientific,verder-scientific.com,https://www.verder-scientific.com/careers/,$100M - $500M,https://www.verder-scientific.com/careers/portal/,
Heat and Control Inc.,heatandcontrol.com,https://www.heatandcontrol.com/careers,$100M - $500M,https://www.heatandcontrol.com/careers,
Tactile Medical,tactilemedical.com,https://tactilemedical.com/about-us/careers/,$100M - $500M,https://job-boards.greenhouse.io/tactilemedical,
Kimray Inc.,kimray.com,https://kimray.com/careers?_gl=1*3m4iu5*_up*MQ..*_ga*MTE1NjgyOTMwNy4xNzgxMDE2OTkz*_ga_XXQNC20PK3*czE3ODEwMTY5OTIkbzEkZzAkdDE3ODEwMTY5OTIkajYwJGwwJGgw,$100M - $500M,https://kimray.com/careers,
PAC Worldwide,pac.com,https://pacworldwidecareers.ttcportals.com/,$100M - $500M,https://pacworldwidecareers.ttcportals.com/search/jobs,
Westlake Pipe & Fittings,westlakepipe.com,https://www.westlakepipe.com/careers,$100M - $500M,https://www.westlaketalent.com/jobs?page_size=20&page_number=1&brands=Westlake%20Pipe%20%26%20Fittings,
UFP Technologies,ufpt.com,https://ufpt.com/careers/,$100M - $500M,https://ufpt.com/careers/#job_openings,
ActioNet Inc.,actionet.com,https://jobs.jobvite.com/actionet,$268.7M,https://jobs.jobvite.com/actionet,
Ooma Inc.,ooma.com,https://job-boards.greenhouse.io/ooma,$273.6M,https://boards.greenhouse.io/ooma,
Bridgebio Pharma,www.bridgebio.com,https://www.bridgebio.com/careers,$353.8M,https://job-boards.greenhouse.io/bridgebio,
Ceer Motors,www.ceermotors.com,https://www.ceermotors.com/careers,$444.2M,https://jobs.ceermotors.com/go/Job-Search/7778723/,
GloryBee,www.glorybee.com,https://www.glorybee.com/careers,$50 mil. - $100 mil.,https://glorybeefoods.applicantpro.com/iframe,
Entrada Therapeutics,www.entradatx.com,https://www.entradatx.com/careers,$50 mil. - $100 mil.,https://job-boards.greenhouse.io/entradatherapeutics,
InVue,www.invue.com,https://www.invue.com/careers,$50 mil. - $100 mil.,https://jobs.jobvite.com/invue/search,
bluebird bio,www.bluebirdbio.com,https://www.bluebirdbio.com/careers,$50 mil. - $100 mil.,https://boards.greenhouse.io/genetixbiotherapeutics,
WB Engineering & Consultanting,www.wbengineering.com,https://www.wbengineering.com/careers,$50 mil. - $100 mil.,https://wbengineering.applytojob.com/apply,
ecoATM,www.ecoatm.com,https://www.ecoatm.com/careers,$50 mil. - $100 mil.,https://boards.greenhouse.io/ecoatmgazelle,
YMC America,www.ymcamerica.com,https://www.ymcamerica.com/careers,$50 mil. - $100 mil.,https://www.ymcamerica.com/careers/,
Craig Technologies,www.craigtechinc.com,https://www.craigtechinc.com/careers,$50 mil. - $100 mil.,https://recruitingbypaycor.com/career/CareerHome.action?clientId=8a78826757bc744e0157bf0e31470032,
GHX Industrial,www.ghxinc.com,https://www.ghxinc.com/careers,$50 mil. - $100 mil.,https://jobs.lever.co/sunsrce,
Ambiq,www.ambiq.com,https://www.ambiq.com/careers,$50 mil. - $100 mil.,https://job-boards.greenhouse.io/ambiqmicroinc,
Nailor Industries,www.nailor.com,https://www.nailor.com/careers,$50 mil. - $100 mil.,https://recruitingbypaycor.com/career/CareerHome.action?clientId=8a7883d084f5018f01850829094c056a,
Riverside Natural Foods,www.riversidenaturalfoods.com,https://www.riversidenaturalfoods.com/careers,$50 mil. - $100 mil.,https://job-boards.greenhouse.io/riversidenaturalfoodsltd,
WR Systems,www.wrsystems.com,https://www.wrsystems.com/careers,$50 mil. - $100 mil.,https://jobs.silkroad.com/WRSystems/Careers,
Modern Industries,www.modernind.com,https://www.modernind.com/careers,$50 mil. - $100 mil.,https://recruitingbypaycor.com/career/CareerHome.action?clientId=8a7883c68eee9454018f16af7a3970d7,
Field Fastener,www.fieldfastener.com,https://www.fieldfastener.com/careers,$50 mil. - $100 mil.,https://www.fieldfastener.com/careers,
Group CBS,www.groupcbs.com,https://www.groupcbs.com/careers,$50 mil. - $100 mil.,https://jobs.silkroad.com/RI/CBS?embedded=true,
Keystone Powdered Metal,www.keystonepm.com,https://www.keystonepm.com/careers,$50 mil. - $100 mil.,https://jobs.jobvite.com/keystone-powdered-metal-company,
Cadwell,www.cadwell.com,https://www.cadwell.com/careers,$50 mil. - $100 mil.,https://job-boards.greenhouse.io/cadwell,
Pdw,www.pdw.ai,https://www.pdw.ai/careers,$50 mil. - $100 mil.,https://ats.rippling.com/pdwcareers/jobs,
PopSockets,www.popsockets.com,https://www.popsockets.com/careers,$50 mil. - $100 mil.,https://jobs.lever.co/popsockets,
Diligent Robotics,www.diligentrobots.com,https://www.diligentrobots.com/careers,$50 mil. - $100 mil.,https://boards.greenhouse.io/diligentrobotics,
Tomz,www.tomz.com,https://www.tomz.com/careers,$50 mil. - $100 mil.,http://tomz.com/jobs/,
Ceribell,www.ceribell.com,https://www.ceribell.com/careers,$50 mil. - $100 mil.,https://boards.greenhouse.io/ceribell,
Nurix Therapeutics,www.nurixtx.com,https://www.nurixtx.com/careers,$50 mil. - $100 mil.,https://job-boards.greenhouse.io/nurix,
CHEFMAN,www.chefman.com,https://www.chefman.com/careers,$50 mil. - $100 mil.,http://job-boards.greenhouse.io/chefman,
Continental Aerospace Technologies,www.continental.aero,https://www.continental.aero/careers,$50 mil. - $100 mil.,https://recruitingbypaycor.com/career/CareerHome.action?clientId=8a7883d09ac19df5019ae6f036e606af,
Syner-G BioPharma Group,www.synergbiopharma.com,https://www.synergbiopharma.com/careers,$50 mil. - $100 mil.,https://job-boards.greenhouse.io/synerg,
Ellison Technologies,www.ellisontechnologies.com,https://www.ellisontechnologies.com/careers,$50 mil. - $100 mil.,https://www.ellisontechnologies.com/about-us/employment,
MagTek,www.magtek.com,https://www.magtek.com/careers,$50 mil. - $100 mil.,https://www.magtek.com/about/careers,
Aalo,www.aalo.com,https://www.aalo.com/careers,$50 mil. - $100 mil.,https://ats.rippling.com/aalo-atomics/jobs,
May Mobility,www.maymobility.com,https://www.maymobility.com/careers,$50 mil. - $100 mil.,https://boards.greenhouse.io/maymobility,
Brookside Flavors & Ingredients,www.brooksideflavors.com,https://brooksideflavors.com/careers/,$50 mil. - $100 mil.,https://brooksideflavors.com/careers/,
Plus Power,www.pluspower.com,https://www.pluspower.com/careers/,$50 mil. - $100 mil.,https://boards.greenhouse.io/pluspower,
Haivision,www.haivision.com,https://www.haivision.com/about/careers/,$50 mil. - $100 mil.,https://www.haivision.com/about/careers/,
Gotion,www.gotion.com,https://www.gotion.com/careers/,$50 mil. - $100 mil.,https://job-boards.greenhouse.io/gotion,
American Wholesale Lighting,www.awlighting.com,http://awlighting.com/careers,$50 mil. - $100 mil.,https://www.awlighting.com/careers,
Axess,www.teamaxess.com,https://teamaxess.com/en/careers,$50 mil. - $100 mil.,https://axess-ag.jobs.personio.de/,
Bihler of America,www.bihler.com,https://www.bihler.com/careers/,$50 mil. - $100 mil.,https://www.bihler.com/careers/,
BK Technologies,www.bktechnologies.com,https://www.bktechnologies.com/careers/,$50 mil. - $100 mil.,https://recruiting.paylocity.com/recruiting/jobs/All/d703308f-d7cb-40b8-af8e-597439de061b/BK-Technologies-Inc,
Control Solutions,www.controlsolutionsinc.com,https://www.controlsolutionsinc.com/careers,$50 mil. - $100 mil.,https://careers.adama.com/search/?createNewAlert=false&q=&locationsearch=&optionsFacetsDD_facility=IT&optionsFacetsDD_city=,
Cook Sales,www.cookstuff.com,https://cookstuff.com/careers/,$50 mil. - $100 mil.,https://leonardusa.rec.pro.ukg.net/LEO1500LAMU/JobBoard/9c339e48-05b0-4aee-9cca-f4ed2f56f87d/?q=&o=postedDateDesc,
Cox Manufacturing Company,www.coxmanufacturing.com,https://www.coxmanufacturing.com/careers,$50 mil. - $100 mil.,https://www.hralliance.net/Apply/FindPosition.aspx?browse=Position,
Dallmeier electronic,www.dallmeier.com,https://www.dallmeier.com/about-us/careers,$50 mil. - $100 mil.,https://www.dallmeier.com/about-us/careers,
Dayton-Phoenix Group,www.dayton-phoenix.com,https://www.dayton-phoenix.com/careers-2/,$50 mil. - $100 mil.,https://jobs.dayforcehcm.com/en-US/dpg/CANDIDATEPORTAL,
dB Control,www.dbcontrol.com,https://www.dbcontrol.com/careers/,$50 mil. - $100 mil.,https://www.dbcontrol.com/careers/,
Delcath Systems,www.delcath.com,https://delcath.com/about-us/careers/,$50 mil. - $100 mil.,https://delcath.com/open-positions/,
Dermavant,www.dermavant.com,https://www.organon.com/careers/,$50 mil. - $100 mil.,https://jobs.organon.com/us/en/search-results,
DN Tanks,www.dntanks.com,https://jobs.lever.co/dnllc,$50 mil. - $100 mil.,https://jobs.lever.co/dnllc,
Double E,www.ee-co.com,https://www.ee-co.com/about/employment-opportunities,$50 mil. - $100 mil.,https://www.ee-co.com/about/employment-opportunities,
Durham Coca-cola Bottling,www.durhamcocacola.com,https://randccb.com/careers/,$50 mil. - $100 mil.,https://workforcenow.adp.com/mascsr/default/mdf/recruitment/recruitment.html?cid=c5498740-80ac-4758-ac1f-c6390a513f8a&ccId=19000101_000001&lang=en_US,
Eagle Eye Produce,www.eagleeyeproduce.com,https://www.eagleeyeproduce.com/careers/,$50 mil. - $100 mil.,https://www.eagleeyeproduce.com/careers/,
Echosens,www.echosens.com,https://www.echosens.com/working-at-echosens/#job,$50 mil. - $100 mil.,https://www.echosens.com/working-at-echosens/,
Fair Oaks Foods,www.fairoaksfoods.com,https://fairoaksfoods.com/opportunities/,$50 mil. - $100 mil.,https://fairoaksfoods.com/opportunities/,
Falcon Plastics,www.falconplastics.com,https://www.falconplastics.com/about-falcon-plastics/career-center/,$50 mil. - $100 mil.,https://www.falconplastics.com/about-falcon-plastics/career-center/,
Finetech,www.finetechusa.com,https://finetechusa.com/career/,$50 mil. - $100 mil.,https://finetechusa.com/career/,
Flexible Technologies,www.flexibletechnologies.com,https://www.flexibletechnologies.com/careers/,$50 mil. - $100 mil.,https://www.smiths.com/careers/job-search,
FMI Aerostructures,www.fmiaerostructures.com,https://www.fmiaerostructures.com/careers/,$50 mil. - $100 mil.,https://recruiting.paylocity.com/recruiting/jobs/All/b72192a8-bdf4-41ec-b808-728353e84325/FMI-Holdco-LLC,
Forerunner Technologies Inc,www.frtinc.com,https://recruiting.paylocity.com/recruiting/jobs/All/1210569e-bfc3-49b0-be30-3ac3cd16dec1/FORERUNNER-TECHNOLOGIES-INC,$50 mil. - $100 mil.,https://recruiting.paylocity.com/recruiting/jobs/All/1210569e-bfc3-49b0-be30-3ac3cd16dec1/FORERUNNER-TECHNOLOGIES-INC,
Forrest Technical Coatings,www.forrestpaint.com,https://forrest-technical-coatings.breezy.hr/,$50 mil. - $100 mil.,https://forrest-technical-coatings.breezy.hr/,
Function of Beauty,www.functionofbeauty.com,https://ats.rippling.com/functionofbeauty/jobs,$50 mil. - $100 mil.,https://ats.rippling.com/functionofbeauty/jobs,
Furmano's,www.furmanos.com,https://furmanos.com/careers/,$50 mil. - $100 mil.,https://www.indeed.com/jobs?q=furmano+foods&l=Northumberland%2C+PA&vjk=2a6cbeaa69e5d853,
Gasbarre Products,www.gasbarre.com,https://www.gasbarre.com/careers/,$50 mil. - $100 mil.,https://www.gasbarre.com/careers/,
GA-SI,www.ga-si.com,https://sjobs.brassring.com/TGnewUI/Search/home/HomeWithPreLoad?partnerid=25539&siteid=5313&PageType=searchResults&SearchType=linkquery&LinkID=4394091#keyWordSearch=&locationSearch=,$50 mil. - $100 mil.,https://sjobs.brassring.com/TGnewUI/Search/home/HomeWithPreLoad?partnerid=25539&siteid=5313&PageType=searchResults&SearchType=linkquery&LinkID=4394091#keyWordSearch=&locationSearch=&Job%20Category=Avionics%2FElectronics,
Geringhoff,www.geringhoff.com,https://karriere.geringhoff.de/,$50 mil. - $100 mil.,https://karriere.geringhoff.de/,
GILCHRIST & SOAMES,www.gilchristsoames.com,https://careers.sysco.com/en/guest-worldwide,$50 mil. - $100 mil.,https://careers.sysco.com/en/search-jobs/IT/1105/1,
Globtek,www.globtek.com,https://www.globtek.com/en/contact/career-opportunities,$50 mil. - $100 mil.,https://www.globtek.com/en/contact/career-opportunities,
Gonzalez companies,www.gonzalez-group.com,https://workforcenow.adp.com/mascsr/default/mdf/recruitment/recruitment.html?cid=5c023ea4-bc02-46cc-b39b-6a21d84fdb3b&ccId=9200844182226_2&lang=en_US&selectedMenuKey=CareerCenter,$50 mil. - $100 mil.,https://workforcenow.adp.com/mascsr/default/mdf/recruitment/recruitment.html?cid=5c023ea4-bc02-46cc-b39b-6a21d84fdb3b&ccId=9200844182226_2&lang=en_US&selectedMenuKey=CareerCenter,
Grand Rapids Foam Technologies,www.grft.com,https://grft.com/careers/,$50 mil. - $100 mil.,https://www.indeed.com/cmp/Grand-Rapids-Foam-Technologies-2/jobs,
Great Dane Trailers,www.greatdanetrailers.com,https://greatdane.com/careers/,$50 mil. - $100 mil.,https://careers-greatdane.icims.com/jobs/search?ss=1&hashed=-625919415,
Greenfield World Trade,www.greenfieldworld.com,https://greenfield.com/careers,$50 mil. - $100 mil.,https://jobs.dayforcehcm.com/en-US/GGI/CANDIDATEPORTAL?locationString=United+States+of+America&distance=1,
Greenville Technology,www.mtnaoh.com/MorirokuNetwork/MorirokuTechnology.aspx,https://www.mtnaoh.com/MorirokuNetwork/MorirokuTechnology/Application.aspx,$50 mil. - $100 mil.,https://myjobs.adp.com/mtnaexternalscareers/cx,
Hartwell,www.hartwellcorp.com,https://www.hartwellcorp.com/careers/,$50 mil. - $100 mil.,https://www.hartwellcorp.com/careers/,
Healthway Medical Group,www.healthwaymedical.com,https://healthwaymedical.com/careers,$50 mil. - $100 mil.,https://healthwaymedical.com/careers,
Heart Aerospace,www.heartaerospace.com,https://www.heartaerospace.com/careers,$50 mil. - $100 mil.,https://www.heartaerospace.com/careers?department=flight-software,
Helm,www.helmus.com,https://www.helmag.com/en/business-units/chemicals,$50 mil. - $100 mil.,https://jobs.helmag.com/search/?createNewAlert=false&q=&optionsFacetsDD_country=US&optionsFacetsDD_location=&optionsFacetsDD_customfield1=&optionsFacetsDD_customfield2=&optionsFacetsDD_customfield3=,
Highland Baking,www.highlandbaking.com,https://highlandbaking.com/careers/,$50 mil. - $100 mil.,https://workforcenow.adp.com/mascsr/default/mdf/recruitment/recruitment.html?cid=66b6060a-0c44-436f-89d8-51ba0994e17d&ccId=19000101_000001&lang=en_US,
Hog Technologies,www.thehog.com,https://recruiting2.ultipro.com/FED1002FSC/JobBoard/cf9f4b94-cca2-4772-a32f-c19c29df6480/?q=&o=postedDateDesc&w=&wc=&we=&wpst=,$50 mil. - $100 mil.,https://recruiting2.ultipro.com/FED1002FSC/JobBoard/cf9f4b94-cca2-4772-a32f-c19c29df6480/?q=&o=postedDateDesc&w=&wc=&we=&wpst=,
Holland Applied Technologies,www.hollandapt.com,https://hollandapt.com/careers/,$50 mil. - $100 mil.,https://hollandappliedtechnologies.applytojob.com/apply,
Horizon Controls Group,www.horizon-controls.com,https://horizon-controls.com/careers/,$50 mil. - $100 mil.,https://horizon-controls.com/careers/,
Hoverfly Technologies,www.hoverflytech.com,https://hoverflytech.com/careers/,$50 mil. - $100 mil.,https://hoverflytech.com/careers/,
Hudson Jeans,www.hudsonjeans.com,https://careers-centricbrands.icims.com/jobs/search?ss=1&searchKeyword=%22hudson+jeans%22,$50 mil. - $100 mil.,https://careers-centricbrands.icims.com/jobs/search?ss=1&searchKeyword=%22hudson+jeans%22&mobile=false&width=1444&height=500&bga=true&needsRedirect=false&jan1offset=-300&jun1offset=-240,
Hutchinson Industries,www.hutchinsoninc.com,https://workforcenow.adp.com/mascsr/default/mdf/recruitment/recruitment.html?cid=3efbb433-e5b1-42f8-903a-c033af0d6ede&ccId=19000101_000001&lang=en_US,$50 mil. - $100 mil.,https://workforcenow.adp.com/mascsr/default/mdf/recruitment/recruitment.html?cid=3efbb433-e5b1-42f8-903a-c033af0d6ede&ccId=19000101_000001&lang=en_US,
Innovative Aerosystems,www.iascorp.com,https://iascorp.com/careers/,$50 mil. - $100 mil.,https://recruiting.paylocity.com/recruiting/jobs/All/f30d422b-e457-4411-ad97-cf04c0a6b0b5/INNOVATIVE-SOLUTIONS-AND-SUPPORT-LLC,
INTIGRAL,www.intigral.com,https://intigral.com/careers/,$50 mil. - $100 mil.,https://intigral.com/careers/,
Ion Storage Systems,www.ionstoragesystems.com,https://ionstoragesystems.com/career-opportunites/,$50 mil. - $100 mil.,https://ionstoragesystems.com/career-opportunites/,
Iredale Cosmetics,www.janeiredale.com,https://janeiredale.com/pages/careers,$50 mil. - $100 mil.,https://janeiredale.com/pages/careers,
ITW Performance Polymers,www.itwperformancepolymers.com,https://itwperformancepolymers.com/careers,$50 mil. - $100 mil.,https://careers.itw.com/us/en/search-results,
J. Skinner Baking Company,www.skinnerbaking.com,https://www.skinnerbaking.com/careers/,$50 mil. - $100 mil.,https://workforcenow.adp.com/mascsr/default/mdf/recruitment/recruitment.html?cid=d42495d0-9a2c-42ce-ae2a-761bc45d31b2&ccId=19000101_000001&lang=en_US,
Jackson and Tull,www.jnt.com,https://www.jnt.com/careers/,$50 mil. - $100 mil.,https://www.jnt.com/careers/employment-opportunities/,
Jil Sander,www.jilsander.com,https://careers.otb.net/,$50 mil. - $100 mil.,https://careers.otb.net/search/?createNewAlert=false&q=Technology&optionsFacetsDD_country=US,
JST Power Equipment,www.jstpower.com,https://jstpower.com/career-list/,$50 mil. - $100 mil.,https://jstpower.com/career-list/,
Textron Systems,www.textronsystems.com,https://www.textronsystems.com/careers,$500 mil. - $1 bil.,https://www.textronsystems.com/careers/apply-today?lookup=&primary_function%5B%5D=information+technology&country=&state=&city=&search=Search,
Tootsie Roll,www.tootsie.com,https://www.tootsie.com/careers,$500 mil. - $1 bil.,https://tootsie.com/locations/cambridge-ma/,
Rogers Group,www.rogersgroupincint.com,https://www.rogersgroupincint.com/careers,$500 mil. - $1 bil.,https://hdhf.fa.us6.oraclecloud.com/hcmUI/CandidateExperience/en/sites/CX_2001/jobs?location=United+States&locationId=300000000361862&locationLevel=country&mode=location,
Seaspan,www.seaspan.com,https://www.seaspan.com/careers,$500 mil. - $1 bil.,https://hckz.fa.us2.oraclecloud.com/hcmUI/CandidateExperience/en/sites/CX_1/jobs?keyword=IT&mode=job-location,
Sterilite,www.sterilite.com,https://www.sterilite.com/careers,$500 mil. - $1 bil.,https://secure4.entertimeonline.com/ta/6025735.careers?CareersSearch=&lang=en-US,
Foremost Farms USA,www.foremostfarms.com,https://www.foremostfarms.com/careers,$500 mil. - $1 bil.,https://phf.tbe.taleo.net/phf04/ats/careers/v2/searchResults?org=FOREMOST&cws=37,
Knowles,www.knowles.com,https://www.knowles.com/careers,$500 mil. - $1 bil.,https://myjobs.adp.com/knowles/cx/job-listing?keyword=IT,
Midmark,www.midmark.com,https://www.midmark.com/careers,$500 mil. - $1 bil.,https://hcor.fa.us2.oraclecloud.com/hcmUI/CandidateExperience/en/sites/CX_1/jobs?keyword=Information+Technology&mode=location,
Rambus,www.rambus.com,https://www.rambus.com/careers,$500 mil. - $1 bil.,https://careers-rambus.icims.com/jobs/search,
Stuller,www.stuller.com,https://www.stuller.com/careers,$500 mil. - $1 bil.,https://secure4.saashr.com/ta/6052029.careers?CareersSearch=&lang=en-US,
Darigold,www.darigold.com,https://www.darigold.com/careers,$500 mil. - $1 bil.,https://recruiting2.ultipro.com/DAR1001DARI/JobBoard/79e8d37a-ba2b-4b20-a8cb-97d585ea8433/?q=&o=postedDateDesc&w=&wc=&we=&wpst=,
Colorcon,www.colorcon.com,https://www.colorcon.com/careers,$500 mil. - $1 bil.,https://colorcon.csod.com/ux/ats/careersite/4/home?c=colorcon&country=us,
Netgear,www.netgear.com,https://www.netgear.com/careers,$500 mil. - $1 bil.,https://jobs.ashbyhq.com/netgear?departmentId=b4fc857a-5503-48ce-82bd-c8965474263c,
SunOpta,www.sunopta.com,https://www.sunopta.com/careers,$500 mil. - $1 bil.,https://jobs.dayforcehcm.com/sunopta/CANDIDATEPORTAL,
James Avery Artisan Jewelry,www.jamesavery.com,https://www.jamesavery.com/careers,$500 mil. - $1 bil.,https://recruiting2.ultipro.com/JAM1000JAC/JobBoard/35137f27-1391-4b80-b2c4-4920f836a228/?q=&o=postedDateDesc&w=&wc=&we=&wpst=&f5=j1Ex8E8KCEycC8gc27ycbw,
Standard Textile Co.,www.standardtextile.com,https://www.standardtextile.com/careers,$500 mil. - $1 bil.,https://standardtextile.wd5.myworkdayjobs.com/standardtextile?q=Information,
Orthofix,www.orthofix.com,https://www.orthofix.com/careers,$500 mil. - $1 bil.,https://orthofix.wd1.myworkdayjobs.com/External_Careers,
Life Fitness / Hammer Strength,www.lifefitness.com,https://www.lifefitness.com/careers,$500 mil. - $1 bil.,https://lifefitness.wd1.myworkdayjobs.com/en-US/searchLFN?jobFamilyGroup=7fce8e52807a10f92ee1444cf0da42b8,
TIMET,www.timet.com,https://www.timet.com/careers,$500 mil. - $1 bil.,https://pcctalentacquisitionportal.tal.net/vx/lang-en-GB/mobile-0/appcentre-ext/brand-7/xf-4529f9c669c1/candidate/jobboard/vacancy/3/adv/,
Ultradent Products,www.ultradent.com,https://www.ultradent.com/careers,$500 mil. - $1 bil.,https://ultradent.wd1.myworkdayjobs.com/careers?jobFamilyGroup=993f60709ddb01deda150de16014db3d&jobFamilyGroup=72259c10b1ba01c9a708fbe92d16301a,
Milgard Windows & Doors,www.milgard.com,https://www.milgard.com/careers,$500 mil. - $1 bil.,https://careers.miterbrands.com/us/en/search-results?m=3,
FormFactor,www.formfactor.com,https://www.formfactor.com/careers,$500 mil. - $1 bil.,https://formfactor.wd1.myworkdayjobs.com/FFI-Careers?jobFamilyGroup=427061e7438e1001e83408fcddcf0000,
Hypertherm,www.hypertherm.com,https://www.hypertherm.com/careers,$500 mil. - $1 bil.,https://hypertherm.wd503.myworkdayjobs.com/hypertherm-careers,
Videojet,www.videojet.com,https://www.videojet.com/careers,$500 mil. - $1 bil.,https://jobs.veralto.com/global/en/search-results,
Hollingsworth & Vose,www.hollingsworth-vose.com,https://www.hollingsworth-vose.com/careers,$500 mil. - $1 bil.,https://www.hollingsworth-vose.com/company/careers/,
SK pharmteco,www.skpharmteco.com,https://www.skpharmteco.com/careers,$500 mil. - $1 bil.,https://workforcenow.adp.com/mascsr/default/mdf/recruitment/recruitment.html?cid=2587055d-4b2d-402f-abbd-12d588997661&ccld=19000101_000001&type=MP&lang=en_US,
ACL Digital,www.acldigital.com,https://www.acldigital.com/careers,$500 mil. - $1 bil.,https://www2.jobdiva.com/portal/?a=m9jdnw9bk529dob7b0nhj8hmrmhgxe030ekfy8ww115xk0jkq5bxt25ll3hbstat&compid=-1#/,
Hamilton,www.hamiltoncompany.com,https://www.hamiltoncompany.com/careers,$500 mil. - $1 bil.,https://careers-hamiltoncompany.icims.com/jobs/search?ss=1&searchRelation=keyword_all&searchCategory=8730&_gl=1*fd859h*_gcl_au*MTcyMjQ3MTAzLjE3ODQ1NDkyNTc.*_ga*MTE0MjM1OTg1Ni4xNzg0NTQ5MjU3*_ga_RWJ9LH2B2T*czE3ODQ1NDkyNTYkbzEkZzAkdDE3ODQ1NDkyNTYkajYwJGwwJGgw&mobile=false&width=1904&height=500&bga=true&needsRedirect=false&jan1offset=-300&jun1offset=-240,
Maxcess International,www.maxcessintl.com,https://www.maxcessintl.com/careers,$500 mil. - $1 bil.,https://job-boards.greenhouse.io/maxcessinternational,
Latham,www.lathampool.com,https://www.lathampool.com/careers,$500 mil. - $1 bil.,https://www.lathampool.com/about-us/careers/,
Carrier Enterprise,www.carrierenterprise.com,https://www.carrierenterprise.com/careers,$500 mil. - $1 bil.,https://myjobs.adp.com/carrierenterprise/cx?__tx_annotation=false&c=1164651&d=ExternalCareerSiteCarrierEnterprise&sor=adprm,
Kraton,www.kraton.com,https://www.kraton.com/careers,$500 mil. - $1 bil.,https://jobs.kraton.com/search/?createNewAlert=false&q=&locationsearch=&optionsFacetsDD_title=,
Oxford Instruments,www.oxinst.com,https://www.oxinst.com/careers,$500 mil. - $1 bil.,https://jobs.oxinst.com/search/?createNewAlert=false&q=&locationsearch=&optionsFacetsDD_location=&optionsFacetsDD_country=&optionsFacetsDD_customfield1=&optionsFacetsDD_lang=&optionsFacetsDD_customfield3=,
Allegro MicroSystems,www.allegromicro.com,https://www.allegromicro.com/careers,$500 mil. - $1 bil.,https://allegromicro.wd5.myworkdayjobs.com/AllegroCareers,
BAC,www.baltimoreaircoil.com,https://www.baltimoreaircoil.com/careers,$500 mil. - $1 bil.,https://recruiting2.ultipro.com/AMS1003AMSII/JobBoard/15976ef7-7f1f-4b2f-8a0c-0e0ac1193dd8/?q=&o=postedDateDesc&w=&wc=&we=&wpst=&f5=j2aGR1LSaEyzIY2vAK1yww,
Pierce Manufacturing,www.piercemfg.com,https://www.piercemfg.com/careers,$500 mil. - $1 bil.,https://careers.oshkoshcorp.com/us/en/pierce-manufacturing,
Community Coffee,www.communitycoffee.com,https://www.communitycoffee.com/careers,$500 mil. - $1 bil.,https://jobs.dayforcehcm.com/en-US/communitycoffee/CANDIDATEPORTAL,
Ascential Technologies,www.ascentialtech.com,https://www.ascentialtech.com/careers,$500 mil. - $1 bil.,https://recruiting.ultipro.com/BUR1012BPGP/JobBoard/d30f5023-d13a-481d-a74b-946dc36ff36b/?q=&o=postedDateDesc,
KBI Biopharma,www.kbibiopharma.com,https://www.kbibiopharma.com/careers,$500 mil. - $1 bil.,https://jsrglobal.wd1.myworkdayjobs.com/en-US/KBI_Biopharma?jobFamilyGroup=94a08f625000013aa148369d652a9203,
Shockwave Medical,www.shockwavemedical.com,https://www.shockwavemedical.com/careers,$500 mil. - $1 bil.,https://www.careers.jnj.com/en/jobs/?search=Shockwave&pagesize=20#results,
Tsubaki Nakashima,www.tsubaki-nakashima.com,https://www.tsubaki-nakashima.com/careers,$500 mil. - $1 bil.,https://tsubaki-nakashima.com/en/careers/requirements/,
Veoneer,www.veoneer.com,https://www.veoneer.com/careers,$500 mil. - $1 bil.,https://career.veoneer.com/jobs,
Carlex,www.carlex.com,https://www.carlex.com/careers,$500 mil. - $1 bil.,https://recruiting2.ultipro.com/CAR1035/JobBoard/e04c9f6f-aec6-038b-4421-26ee6e38818a,
Mirion Technologies,www.mirion.com,https://www.mirion.com/careers,$500 mil. - $1 bil.,https://jobs.dayforcehcm.com/en-US/mirion/CANDIDATEPORTAL,
TransMedics,www.transmedics.com,https://www.transmedics.com/careers,$500 mil. - $1 bil.,https://transmedics.wd1.myworkdayjobs.com/TransMedics_Careers?jobFamilyGroup=7ab0d40ceecd1001b72172df901f0000,
Freudenberg Medical,www.freudenbergmedical.com,https://www.freudenbergmedical.com/careers,$500 mil. - $1 bil.,https://jobs.freudenberg.com/Freudenberg/?company=FM&area=JFG_10,
Dexter Axle,www.dexteraxle.com,https://www.dexteraxle.com/careers,$500 mil. - $1 bil.,https://www.dextergroup.com/careers/?department=506696B2-076F-019F-D5CE-6018E1C33D2D,
OPKO Health,www.opko.com,https://www.opko.com/careers,$500 mil. - $1 bil.,https://myjobs.adp.com/opko/cx/job-listing,
Addverb Technologies Pvt,www.addverb.com,https://www.addverb.com/careers,$500 mil. - $1 bil.,https://careers.addverb.com/,
ABARTA,www.abartacocacola.com,https://www.abartacocacola.com/careers,$500 mil. - $1 bil.,https://conaservices.jobs2web.com/abarta/search/?searchby=location&createNewAlert=false&q=&locationsearch=&geolocation=&optionsFacetsDD_city=&optionsFacetsDD_state=&optionsFacetsDD_zip=&optionsFacetsDD_location=&optionsFacetsDD_facility=&optionsFacetsDD_joblocale=,
Allergan Aesthetics,www.allerganaesthetics.com,https://www.allerganaesthetics.com/careers,$500 mil. - $1 bil.,https://careers.abbvie.com/en/jobs,
Bumble Bee Seafoods Company,www.bumblebee.com,https://www.bumblebee.com/careers,$500 mil. - $1 bil.,https://thebumblebeecompany.com/job-listings/,
SugarCreek,www.sugarcreek.com,https://www.sugarcreek.com/careers,$500 mil. - $1 bil.,https://jobs.dayforcehcm.com/sugarcreek/SugarCreekUSAJB,
Sabert,www.sabert.com,https://www.sabert.com/careers,$500 mil. - $1 bil.,https://secure6.saashr.com/ta/6148369.careers?CareersSearch=&lang=en-US,
iRhythm Technologies,www.irhythmtech.com,https://www.irhythmtech.com/careers,$500 mil. - $1 bil.,https://irhythmtech.wd5.myworkdayjobs.com/irhythm?jobFamilyGroup=6250cc0809e910005fd94cf7d2b50000,
Marposs S.p.A,www.marposs.com,https://www.marposs.com/careers,$500 mil. - $1 bil.,https://www.marposs.com/eng/careers,
Sig Sauer,www.sigsauer.com,https://www.sigsauer.com/careers,$500 mil. - $1 bil.,https://recruiting.ultipro.com/SIG1011SIGSA/JobBoard/9ec422f8-2ba7-4e60-983b-b473bf030bd6/?q=&o=postedDateDesc&w=&wc=&we=&wpst=,
Gleason,www.gleason.com,https://www.gleason.com/careers,$500 mil. - $1 bil.,https://jobs.dayforcehcm.com/gleason/CANDIDATEPORTAL?searchText=IT,
mizkan,www.mizkan.com,https://www.mizkan.com/careers,$500 mil. - $1 bil.,https://myjobs.adp.com/mizkancareers/cx/job-listing?keyword=IT,
Swisslog,www.swisslog.com,https://www.swisslog.com/careers,$500 mil. - $1 bil.,https://www.swisslog.com/en-my/careers/openings,
QuantumScape,www.quantumscape.com,https://www.quantumscape.com/careers,$500 mil. - $1 bil.,https://careers.quantumscape.com/go/All/9869900/,
Legend Biotech,www.legendbiotech.com,https://www.legendbiotech.com/careers,$500 mil. - $1 bil.,https://legendbiotech.com/careers/,
AriZona Beverages,www.drinkarizona.com,https://www.drinkarizona.com/careers,$500 mil. - $1 bil.,https://workforcenow.adp.com/mascsr/default/mdf/recruitment/recruitment.html?cid=b8d84808-3ed4-4290-aa6a-a20aeba8377f&ccId=19000101_000001&lang=en_US,
Dura-Line,www.duraline.com,https://www.duraline.com/careers,$500 mil. - $1 bil.,https://careers.orbia.com/search/?searchby=location&createNewAlert=false&q=&locationsearch=&geolocation=&optionsFacetsDD_customfield5=&optionsFacetsDD_department=FA+Information+Technology+%28FA_IIT_01%29&optionsFacetsDD_country=&optionsFacetsDD_city=&optionsFacetsDD_customfield2=&optionsFacetsDD_customfield1=,
Duracell,www.duracell.com,https://www.duracell.com/careers,$500 mil. - $1 bil.,https://fa-ewub-saasfaprod1.fa.ocs.oraclecloud.com/hcmUI/CandidateExperience/en/sites/CX_26/jobs?mode=location,
Fender,www.fender.com,https://www.fender.com/careers,$500 mil. - $1 bil.,https://intl.fender.com/pages/careers,
Kimball,www.kimballinternational.com,https://www.kimballinternational.com/careers,$500 mil. - $1 bil.,https://myjobs.adp.com/kimballcareers/cx/job-listing?keyword=tech,
MTS Systems,www.mts.com,https://www.mts.com/careers,$500 mil. - $1 bil.,https://careers.itw.com/us/en/mts,
Webco Industries,www.webcotube.com,https://www.webcotube.com/careers,$500 mil. - $1 bil.,https://webcotube.wd12.myworkdayjobs.com/Webco,
Morton Salt,www.mortonsalt.com,https://www.mortonsalt.com/careers,$500 mil. - $1 bil.,https://www.mortonsalt.com/explore-our-opportunities/?job_department=Information+Technology,
GE Current,www.gecurrent.com,https://www.gecurrent.com/careers,$500 mil. - $1 bil.,https://workforcenow.adp.com/mascsr/default/mdf/recruitment/recruitment.html?cid=47265edf-244d-45d7-ad34-fc81d446a318&ccId=19000101_000001&lang=en_US,
Pilatus Aircraft,www.pilatus-aircraft.com,https://www.pilatus-aircraft.com/careers,$500 mil. - $1 bil.,https://www.pilatus-aircraft.com/en/jobs,
Old World Industries,www.owi.com,https://www.owi.com/careers,$500 mil. - $1 bil.,https://jobs.dayforcehcm.com/owi/CANDIDATEPORTALowi?departmentId=4,
Zeon Chemicals,www.zeonchemicals.com,https://www.zeonchemicals.com/careers,$500 mil. - $1 bil.,https://workforcenow.adp.com/mascsr/default/mdf/recruitment/recruitment.html?cid=733d09c0-84e6-4cc6-a899-2248c66b3751&ccId=19000101_000001&lang=en_US,
Shyft Group,www.theshyftgroup.com,https://www.theshyftgroup.com/careers,$500 mil. - $1 bil.,https://theshyftgroup.csod.com/ux/ats/careersite/4/home?c=theshyftgroup&cfdd[0][id]=83&cfdd[0][options][0]=112,
JACK LINK'S,www.jacklinks.com,https://www.jacklinks.com/careers,$500 mil. - $1 bil.,https://careers.smartrecruiters.com/JackLinksProteinSnacks/jack-links-career-pages,
Peterbilt,www.peterbilt.com,https://www.peterbilt.com/careers,$500 mil. - $1 bil.,https://jobs.paccar.com/search/?q=&q2=&alertId=&locationsearch=&optionsFacetsDD_facility=Peterbilt+Motors+Company&title=&location=&department=IT&date=&facility=#searchresults,
"Piper Aircraft, Inc",www.piper.com,https://www.piper.com/careers,$500 mil. - $1 bil.,https://www.irecruit-us.com/index.php?OrgID=I20200305&navpg=listings&olnew=1&slnew=8,
CordenPharma,www.cordenpharma.com,https://www.cordenpharma.com/careers,$500 mil. - $1 bil.,https://workforcenow.adp.com/mascsr/default/mdf/recruitment/recruitment.html?cid=ede1ea78-34fc-4920-a043-335c6e96f763&ccId=19000101_000001&type=JS&lang=en_US,
Ghirardelli Chocolate,www.ghirardelli.com,https://www.ghirardelli.com/careers,$500 mil. - $1 bil.,https://lindtspruengli.wd103.myworkdayjobs.com/LindtSpruengliGroupCareers?hiringCompany=6ef234644ca31000c15ae959db4f0000,
KLS Martin,www.klsmartin.com,https://www.klsmartin.com/careers,$500 mil. - $1 bil.,https://www.paycomonline.net/v4/ats/web.php/portal/CAE5283BEB4E3F250B50B7DA238DBBDE/career-page,
Hexion,www.hexion.com,https://www.hexion.com/careers,$500 mil. - $1 bil.,https://careers.hexion.com/go/All_Jobs/9047000/?q=&q2=&alertId=&title=&location=&department=IT&date=#searchresults,
Lakeshore,www.lakeshorelearning.com,https://www.lakeshorelearning.com/careers,$500 mil. - $1 bil.,https://www.lakeshorelearning.com/about/careers/search/,
Sierra Space,www.sierraspace.com,https://www.sierraspace.com/careers,$500 mil. - $1 bil.,https://sierraspace.wd1.myworkdayjobs.com/Sierra_Space_External_Career_Site?jobFamilyGroup=98105669f48710010e52249f02f60000,
Simpson Strong-Tie Company,www.strongtie.com,https://www.strongtie.com/careers,$500 mil. - $1 bil.,https://strongtie.wd1.myworkdayjobs.com/External?jobFamilyGroup=5d7d5d24009f01fb5dc68ffe73312a19&jobFamilyGroup=5d7d5d24009f0169203e6ffe73311819,
Ariat,www.ariat.com,https://www.ariat.com/careers,$500 mil. - $1 bil.,https://career4.successfactors.com/career?company=ariat&career%5fns=job%5flisting%5fsummary&navBarLevel=JOB%5fSEARCH&_s.crb=pgrS%2bfiFtlYmRaq8Q7QkS%2b3PhFppypQ2wYJKhqqeiIQ%3d,
Arc'teryx,www.arcteryx.com,https://www.arcteryx.com/careers,$500 mil. - $1 bil.,https://jobs.lever.co/arcteryx.com?department=Technology,
"Sub-Zero, Wolf, and Cove",www.subzero-wolf.com,https://www.subzero-wolf.com/careers,$500 mil. - $1 bil.,https://recruiting2.ultipro.com/SUB1000SUBZ/JobBoard/ffaa667e-61b4-4b38-b427-2cb6982a41a3/?q=&o=postedDateDesc&f5=piwZMCguxEapHm88sNYKFw,
Farouk,www.farouk.com,https://www.farouk.com/careers,$500 mil. - $1 bil.,https://workforcenow.adp.com/mascsr/default/mdf/recruitment/recruitment.html?cid=1daa29d0-946c-4cf1-acaa-3b2fd538c885&ccId=19000101_000001&lang=en_US,
Infineum,www.infineum.com,https://www.infineum.com/careers,$500 mil. - $1 bil.,https://www.careers.infineum.com/search/?q=&searchResultView=LIST,
Yaskawa America,www.yaskawa.com,https://www.yaskawa.com/careers,$500 mil. - $1 bil.,https://www.yaskawa.com/about-us/careers/search-jobs,
National Gypsum,www.nationalgypsum.com,https://www.nationalgypsum.com/careers,$500 mil. - $1 bil.,https://recruiting.ultipro.com/NAT1014NGC/JobBoard/82e10fb7-67e7-49e3-ae40-66f508925bc6/?q=&o=postedDateDesc&w=&wc=&we=&wpst=,
BlueScope Buildings,www.bluescopebuildings.com,https://www.bluescopebuildings.com/careers,$500 mil. - $1 bil.,https://bluescopenac.wd5.myworkdayjobs.com/BNACareers?hiringCompany=fb21cf14895a1003e75f103a022c0000&jobFamilyGroup=fb21cf14895a1003e691da7bbca80001,
Daiichi Sankyo US,daiichisankyo.us,https://daiichisankyo.us/careers,$500 mil. - $1 bil.,https://careers.daiichisankyo.com/search/?q=&locationsearch=&searchResultView=LIST&markerViewed=&carouselIndex=&facetFilters=%7B%22mfield1%22%3A%5B%22IT+and+Systems%22%5D%7D&pageNumber=0,
Neogen,www.neogen.com,https://www.neogen.com/careers,$500 mil. - $1 bil.,https://neogen.wd5.myworkdayjobs.com/neogencareers,
Accuride,www.accuridecorp.com,https://www.accuridecorp.com/careers,$500 mil. - $1 bil.,https://www.accuridecorp.com/career-opportunities,
Sharp Packaging Services,www.sharpservices.com,https://www.sharpservices.com/careers,$500 mil. - $1 bil.,https://www.sharpservices.com/vacancies/?aw-department=IT,
PLZ,www.plzcorp.com,https://www.plzcorp.com/careers,$500 mil. - $1 bil.,https://recruiting2.ultipro.com/PLZ1000PLZ/JobBoard/a12f577a-8447-4e92-82b4-7475368b7d64/?q=&o=postedDateDesc&w=&wc=&we=&wpst=&f5=f3AwrBbShUWJVe6nrtccAA,
Williams International,www.williams-int.com,https://www.williams-int.com/careers,$500 mil. - $1 bil.,https://recruiting.ultipro.com/WIL1006WI/JobBoard/b5d9d0d6-a149-4636-95d5-8dfede315cab/?q=&o=postedDateDesc&f5=Qc80qqzYQkixVpWCb623bQ,
HarbisonWalker International,www.thinkhwi.com,https://www.thinkhwi.com/careers,$500 mil. - $1 bil.,https://egmk.fa.us6.oraclecloud.com/hcmUI/CandidateExperience/en/sites/CX_2005/jobs?lastSelectedFacet=TITLES&mode=location&selectedLocationsFacet=300000000257984&selectedPostingDatesFacet=30&selectedTitlesFacet=IT,
Ketjen,www.ketjen.com,https://www.ketjen.com/careers,$500 mil. - $1 bil.,https://albemarle.wd5.myworkdayjobs.com/KetjenExternal?locations=e4c9125daf39102f35fe0f47dff4463a&locations=e4c9125daf39102f35fe12ef7b6a463f&jobFamilyGroup=6e9ed5941ba30153e6bf47f8836a5b36,
BW Packaging,www.bwpackaging.com,https://www.bwpackaging.com/careers,$500 mil. - $1 bil.,https://barrywehmiller.wd1.myworkdayjobs.com/BWCareers?jobFamilyGroup=7616d4d26f961005009307a16a4148f9&primaryLocation=ac566b87a60a01e885a436bb8c10bf3d,
Novanta,www.novanta.com,https://www.novanta.com/careers,$500 mil. - $1 bil.,https://novanta.wd5.myworkdayjobs.com/Novanta-Careers?locationCountry=bc33aa3152ec42d4995f4791a106ed09&jobFamily=9f99922007a21001e68578d7e7900000&jobFamily=9f99922007a21001e6857da615520000,
Kiss Products,www.kissusa.com,https://www.kissusa.com/careers,$500 mil. - $1 bil.,https://kissusa.wd12.myworkdayjobs.com/en-US/KISS_Careers_External?jobFamilyGroup=a60a2972c7660162e281c3550e4afb05&locations=7081a9140e0c01261cd284bf89484628,
Victaulic,www.victaulic.com,https://www.victaulic.com/careers,$500 mil. - $1 bil.,https://victaulic.wd1.myworkdayjobs.com/victaulic_careers?locationCountry=bc33aa3152ec42d4995f4791a106ed09&jobFamilyGroup=8b51c1a9e8c61001bc29f2cb91ab0000,
Airborn,www.airborn.com,https://www.airborn.com/careers,$500 mil. - $1 bil.,https://koch.avature.net/en_US/careers/SearchJobs/?953=%5B6390%5D&953_format=6152&731=%5B6043%5D&731_format=6308&listFilterMode=1&jobRecordsPerPage=6&,
Viracon,www.viracon.com,https://www.viracon.com/careers,$500 mil. - $1 bil.,https://apog.wd1.myworkdayjobs.com/Apogee?locations=d761ab6e76cc0100c0d6f4762fde0000&locations=d761ab6e76cc0100c09b4dc8ad780000&locations=d761ab6e76cc01011473acaca0c90000&locations=d761ab6e76cc0100c09b42e3b7950000&locations=7669737db9c11000aad906b4bdfd0000&locations=7669737db9c11000ab2612bd28b60000&locations=d761ab6e76cc0100c0d6d8abc8000000&locations=7669737db9c11000aad92cac73f40000&locations=7669737db9c11000ab25fd9717d20000&locations=d734d8a3cdaa1000be2b2007e2990000&locations=7669737db9c11000aad90f2350b40000&locations=b084f5db820d1000aa906ebc25aa0000&locations=d761ab6e76cc0100c0d6b589bf480000&locations=7669737db9c11000aad9425d6cb20000&locations=fd0fc9b3ec36100203118877a95d0000&locations=7669737db9c11000aad9593e37930000&locations=d761ab6e76cc0100c09b2d4e46b00000&locations=d761ab6e76cc0100c09b37080af80000&locations=d761ab6e76cc01011473a87145660000&locations=7669737db9c11000aad97d5d17f40000&locations=d761ab6e76cc0100c0d6d0c9e3680000&locations=d761ab6e76cc0100c0d700029fa10000&locations=d761ab6e76cc0100c0d6eacf6cbe0000&locations=d761ab6e76cc0100c09b3d6286e90000&locations=7669737db9c11000aad94b6620c50000&locations=7669737db9c11000aad9914646a60000&locations=d761ab6e76cc0100c09b25c36df10000&locations=d734d8a3cdaa1000be45bf11b7620000&locations=7669737db9c11000aad99f279b6f0000&locations=d761ab6e76cc0100c09b342f1c410000&locations=d761ab6e76cc0100c09b22ac8fcc0000&locations=d761ab6e76cc0100c09b4a6125fe0000&locations=d761ab6e76cc0100c09b32556eee0000&locations=d734d8a3cdaa1000be144f9917ea0000&locations=806ccb03361d100202934afeae750000&locations=7669737db9c11000ab25e69e0eec0000&locations=d761ab6e76cc0100c09b28399ad80000&locations=7669737db9c11000aad8f07130e80000&locations=d761ab6e76cc0100c09b3c2e4a0c0000&locations=75de3acba03910016ba9e578e2a20000&jobFamilyGroup=d761ab6e76cc0100c0d4fc6b06580000,
Roseburg,www.roseburg.com,https://www.roseburg.com/careers,$500 mil. - $1 bil.,https://secure6.saashr.com/ta/6013659.careers?rnd=KRQ&JobsSearch=,
Axcelis Technologies,www.axcelis.com,https://www.axcelis.com/careers,$500 mil. - $1 bil.,https://axcelis.wd1.myworkdayjobs.com/axcelis?locations=6150c6581c6b1014197fd7bb15100000&locations=6150c6581c6b1014198077431e020000&locations=6150c6581c6b1014197ffc72fec10000&locations=6150c6581c6b1014198060fada6b0000&jobFamilyGroup=6150c6581c6b1014197b1e39ab060001,
Zurn Industries,www.zurn.com,https://www.zurn.com/careers,$500 mil. - $1 bil.,https://elkay.wd1.myworkdayjobs.com/Elkay_External?locations=3fe007b438331000d7011cce35840000&locations=3fe007b438331000d70125d935910000&locations=47529e72f8731001f2d66858a7d30000&locations=3fe007b438331000d7018e32f2210000&locations=ec17e9602fdb013f0ab5310d94322704&locations=ec17e9602fdb01aed0de2d0d94322004&locations=b3a9ad32d5211001ef25efc9fd310000&locations=7e8165e1dfc31001f2eadc6f44120000&locations=38bd4ccc7c940100d12dff836e342462&locations=3fe007b438331000d70113bfc4830000&locations=3fe007b438331000d701a831f7d00000&locations=959b81b9137b1001f277b9abaa9e0000&locations=3fe007b438331000d70157e5b8cb0000&locations=3fe007b438331000d70160509d060000&locations=3fe007b438331000d7014ee181050000&locations=e503cec88a7501d52580737108c4ec29&locations=3fe007b438331000d701358aa2770000&locations=3fe007b438331000d7016bc6095c0000&locations=ec17e9602fdb01ce31133e0d94323c04&locations=7e8165e1dfc31001f2c997798f9c0000&jobFamilyGroup=ec17e9602fdb019c1b3fe0b09e326f0b,
Primient,www.primient.com,https://www.primient.com/careers,$500 mil. - $1 bil.,https://careers.primient.com/search-jobs/IT/United%20States/48817/1/2/6252001/39x7599983215332/-98x5/50/2,
Malvern Panalytical,www.malvernpanalytical.com,https://www.malvernpanalytical.com/careers,$500 mil. - $1 bil.,https://www.malvernpanalytical.com/careers,
VELCRO,www.velcro.com,https://www.velcro.com/careers,$500 mil. - $1 bil.,https://velcro.wd5.myworkdayjobs.com/Velcro,
EMD Serono,www.emdserono.com,https://www.emdserono.com/careers,$500 mil. - $1 bil.,https://careers.merckgroup.com/global/en?_gl=1*k97ps5*_ga*MTUwODQwOTMyMC4xNzg1MTQzODAz*_ga_J72F005NJ3*czE3ODUxNDM4MDIkbzEkZzAkdDE3ODUxNDM4MDYkajU2JGwwJGgw,
Altec Industries,www.altec.com,https://www.altec.com/careers,$500 mil. - $1 bil.,https://jobs.altec.com/search/information-services/jobs,
BW Papersystems companies,www.bwpapersystems.com,https://www.bwpapersystems.com/careers,$500 mil. - $1 bil.,https://barrywehmiller.wd1.myworkdayjobs.com/BWCareers?q=Papersystems&jobFamilyGroup=7616d4d26f961005009307a16a4148f9,
CIRCOR,www.circor.com,https://www.circor.com/careers,$500 mil. - $1 bil.,https://recruiting2.ultipro.com/CIR1001CIRCR/JobBoard/5545d8b0-2410-46b9-a6df-dec8f891b6ee/?q=&o=postedDateDesc&w=&wc=&we=&wpst=&f5=CAjwWANo90esRU-j_fv-gw,
Proto Labs,protolabs.com,https://protolabs.com/careers,$500 mil. - $1 bil.,https://jobs.lever.co/protolabs/?department=Technology,
AAPICO,www.aapico.com,https://www.aapico.com/careers,$500 mil. - $1 bil.,https://recruit.aapico.com/positions,
AeroFlow Technologies,www.aeroflowtechnologies.com,https://www.aeroflowtechnologies.com/careers,$500 mil. - $1 bil.,https://workforcenow.adp.com/mascsr/default/mdf/recruitment/recruitment.html?cid=a84f7373-2a50-4fee-885e-c1573501e3d9&ccId=19000101_000001&lang=en_US&selectedMenuKey=CurrentOpenings,
BMW Manufacturing,www.bmwusfactory.com,https://www.bmwusfactory.com/careers,$500 mil. - $1 bil.,https://www.bmwgroup.jobs/us/en/jobs.html,
IBM Research,research.ibm.com,https://research.ibm.com/careers,$500 mil. - $1 bil.,https://www.ibm.com/careers/search?field_keyword_08[0]=Infrastructure%20%26%20Technology,
National Coatings & Supplies / Single Source,www.ncsssi.com,https://www.ncsssi.com/careers,$500 mil. - $1 bil.,https://myjobs.adp.com/ncs/cx?__tx_annotation=false&c=2178707&d=NCSExternalCareerSite&sor=adprm,
NSK Americas,www.nskamericas.com,https://www.nskamericas.com/careers,$500 mil. - $1 bil.,https://recruiting.ultipro.com/NSK1001NSKA/JobBoard/96964bb4-da3b-4f74-9ed5-7d1aa469d3e8/?q=&o=postedDateDesc&w=&wc=&we=&wpst=&f5=99NlHpiP6UCw07H3F9uGwg,
Oxea,oxea.com,https://oxea.com/careers,$500 mil. - $1 bil.,https://jobs.oxea.com/search/?createNewAlert=false&q=&locationsearch=&optionsFacetsDD_country=,
Pallet Logistics,www.plasolutions.com,https://www.plasolutions.com/careers,$500 mil. - $1 bil.,https://workforcenow.adp.com/mascsr/default/mdf/recruitment/recruitment.html?cid=6bc27f6b-3c90-43a1-97b2-d649138efcce&ccId=19000101_000001&type=JS&lang=en_US&selectedMenuKey=CareerCenter,
POET Technologies,www.poet-technologies.com,https://www.poet-technologies.com/careers,$500 mil. - $1 bil.,https://www.poet-technologies.com/careers#listings,
Prodriven Global Brands,www.prodrivenbrands.com,https://www.prodrivenbrands.com/careers,$500 mil. - $1 bil.,https://careers-prodrivenbrands.icims.com/jobs/search?ss=1&searchRelation=keyword_all,
Rinnai,www.rinnai.us,https://www.rinnai.us/careers,$500 mil. - $1 bil.,https://workforcenow.adp.com/mascsr/default/mdf/recruitment/recruitment.html?cid=e6f81401-131c-46bd-83cb-7325d21ea676&ccId=19000101_000001&lang=en_US,
Shamir Optical Industry,www.shamir.com,https://www.shamir.com/careers,$500 mil. - $1 bil.,https://shamir.com/br/careers/,
Sinomax USA,www.sinomax-usa.com,https://www.sinomax-usa.com/careers,$500 mil. - $1 bil.,https://recruitingbypaycor.com/career/CareerHome.action?clientId=8a7883c6708df1d40170c07709d819f7,
Sofie Biosciences,www.sofie.com,https://www.sofie.com/careers,$500 mil. - $1 bil.,https://phh.tbe.taleo.net/phh04/ats/careers/v2/searchResults?org=IBAMOLEN&cws=37,
Southeastern Container,www.secontainer.com,https://www.secontainer.com/careers,$500 mil. - $1 bil.,https://www.paycomonline.net/v4/ats/web.php/portal/480E18FD010222049653C1480FE86A7F/career-page,
The Reynolds Company,www.reynoldsonline.com,https://www.reynoldsonline.com/careers,$500 mil. - $1 bil.,https://www.reynoldsonline.com/about-us/careers/job-listings,
Pernod Ricard USA,www.pernod-ricard.com/en/locations/usa,https://www.pernod-ricard.com/en/locations/usa/careers,$500 mil. - $1 bil.,https://pernodricard.wd3.myworkdayjobs.com/pernod-ricard?jobFamilyGroup=5c4276c36b5a1001e317a08d36940000&jobFamilyGroup=371688745b57014fe9c19df9ef17a12f,
Dow Jones,www.dowjones.com,https://www.dowjones.com/careers,$500 mil. - $1 bil.,https://dowjones.jobs/job-category/software-product-engineering/jobs/,
Graymont,www.graymont.com,https://www.graymont.com/careers,$500 mil. - $1 bil.,https://phf.tbe.taleo.net/phf04/ats/careers/v2/searchResults?org=GRAYMONT&cws=37,
McGrath,www.mgrc.com,https://www.mgrc.com/careers,$500 mil. - $1 bil.,https://www.mgrc.com/careers/all-open-positions/apply,
Benco Dental,www.benco.com,https://www.benco.com/careers,$500 mil. - $1 bil.,https://www.benco.com/careers/#featured_jobs,
Lozier,www.lozier.com,https://www.lozier.com/careers,$500 mil. - $1 bil.,https://lozier.wd5.myworkdayjobs.com/lozier_careers,
Pharmavite,www.pharmavite.com,https://www.pharmavite.com/careers,$500 mil. - $1 bil.,https://www.pharmavite.com/careers/career-opportunities/,
Mac Papers LLC,www.macpapers.com,https://www.macpapers.com/careers,$500 mil. - $1 bil.,https://workforcenow.adp.com/mascsr/default/mdf/recruitment/recruitment.html?cid=85417d99-be62-4883-9afa-d7cdf9cfe7e5&ccId=9200288720071_2&lang=en_US,
Cookunity,www.cookunity.com,https://www.cookunity.com/careers,$500 mil. - $1 bil.,https://careers.cookunity.com/open-roles,
Johnson Fitness & Wellness,www.johnsonfitness.com,https://www.johnsonfitness.com/careers,$500 mil. - $1 bil.,https://recruiting.paylocity.com/Recruiting/Jobs/All/8cfbb843-9873-4518-abe8-226d0c24a519/Johnson-Heath-Tech-Companies?location=All%20Locations&department=global%20IT,
Phillips Pet Food & Supplies,www.phillipspet.com,https://www.phillipspet.com/careers,$500 mil. - $1 bil.,https://jobs.dayforcehcm.com/phillips/CANDIDATEPORTAL?departmentId=6,
Skims,www.skims.com,https://www.skims.com/careers,$500 mil. - $1 bil.,https://app.careerpuck.com/job-board/SKIMS?departmentId=albzlYR1,
G&J Pepsi,www.gjpepsi.com,https://www.gjpepsi.com/careers,$500 mil. - $1 bil.,https://jobs.dayforcehcm.com/gjpepsi/CANDIDATEPORTAL?departmentId=17,
IRCA,www.irca.eu,https://www.irca.eu/careers,$500 mil. - $1 bil.,https://jobs.lever.co/ircagroup?department=IT,
Tekion,www.tekion.com,https://www.tekion.com/careers,$500 mil. - $1 bil.,https://www.tekion.com/job-openings?department=IT%2C+Business+Applications+%26+Security,
Qualys,www.qualys.com,https://www.qualys.com/careers,$500 mil. - $1 bil.,https://qualys.wd5.myworkdayjobs.com/Careers?jobFamilyGroup=e78d04040ce81001e4412df7fa1e0000,
CCC Intelligent Solutions,www.cccis.com,https://www.cccis.com/careers,$500 mil. - $1 bil.,https://www.themuse.com/search/company/cccintelligentsolutions,
Deltek,www.deltek.com,https://www.deltek.com/careers,$500 mil. - $1 bil.,https://careers.deltek.com/?category[]=Information%20Technology,
Veradigm,www.veradigm.com,https://www.veradigm.com/careers,$500 mil. - $1 bil.,https://veradigm.wd12.myworkdayjobs.com/VR?jobFamilyGroup=f419edd0049310013351d91697c50000,
Ellucian,www.ellucian.com,https://www.ellucian.com/careers,$500 mil. - $1 bil.,https://careers.ellucian.com/careers-home/jobs?page=1&categories=Information%20Technology%2FSecurity,
WellSky,www.wellsky.com,https://www.wellsky.com/careers,$500 mil. - $1 bil.,https://wellsky.wd1.myworkdayjobs.com/WellSkyCareers,
OneStream,www.onestream.com,https://www.onestream.com/careers,$500 mil. - $1 bil.,https://recruiting.ultipro.com/ONE1018ONSO/JobBoard/1955ffa6-bda6-4c95-8412-2c731d693ab2/?q=&o=postedDateDesc&f5=BhOyOUtH6EqAxGoU6TVhGg,
BlackLine,blackline.com,https://blackline.com/careers,$500 mil. - $1 bil.,https://blackline.wd108.myworkdayjobs.com/BlackLineCareers?jobFamilyGroup=9574f3b33005100114a56e67ad460000,
Zelis,www.zelis.com,https://www.zelis.com/careers,$500 mil. - $1 bil.,https://careers.zelis.com/in/en,
Bandwidth,www.bandwidth.com,https://www.bandwidth.com/careers,$500 mil. - $1 bil.,https://job-boards.greenhouse.io/bandwidth?departments%5B%5D=34012,
Sprinklr,www.sprinklr.com,https://www.sprinklr.com/careers,$500 mil. - $1 bil.,https://sprinklr.wd1.myworkdayjobs.com/careers?_gl=1*ubgq1v*_gcl_au*NzEyMTgwMTIwLjE3ODUxNTY0NTQ.*_ga*MTQ1ODQyMTQ5OC4xNzg1MTU2NDU0*_ga_GD43S3NXZ0*czE3ODUxNTY0NTQkbzEkZzEkdDE3ODUxNTY0ODMkajMxJGwwJGgw&jobFamilyGroup=c0a7c42494e701f6d6077da7db036964,
Ribbon,www.ribboncommunications.com,https://www.ribboncommunications.com/careers,$500 mil. - $1 bil.,https://vhr-genband.wd1.myworkdayjobs.com/ribboncareers,
Vonage,www.vonage.com,https://www.vonage.com/careers,$500 mil. - $1 bil.,https://www.vonage.com/careers/search/#loc=0&dept=4027013002&page=1&sort=desc,
Telespazio,www.telespazio.com,https://www.telespazio.com/careers,$500 mil. - $1 bil.,https://leonardocompany.wd3.myworkdayjobs.com/en-US/LeonardoCareerSite/details/Senior-Bid-Manager_R0001066?jobFamilyGroup=8f7876e90e9c0101f751f26321600000,
Austal Ships,www.austalusa.com,https://www.austalusa.com/careers,$500 mil. - $1 bil.,https://www.austaljobs.com/usa,
Faraday Future,www.ff.com,https://www.ff.com/careers,"$500,000 - $1 mil.",https://www.ff.com/us/careers/,
CG Oncology,www.cgoncology.com,https://www.cgoncology.com/careers,"$500,000 - $1 mil.",https://www.cgoncology.com/careers,
Neurogene,www.neurogene.com,https://www.neurogene.com/careers,"$500,000 - $1 mil.",https://secure6.saashr.com/ta/6193991.careers?InFrameset=1&HostedBy=www.neurogene.com&careerssearch=&lang=en-US,
Revolution Medicines,www.revmed.com,https://www.revmed.com/careers,"$500,000 - $1 mil.",https://www.revmed.com/careers/,
BG Products Inc.,bgprod.com,https://bgprod.com/careers,$500M - $1B,https://joinbgproducts.com/,
Axon,axon.com,https://axon.com/careers,$500M - $1B,https://axon.com/careers,
Neogen Corporation,neogen.com,https://neogen.com/careers,$500M - $1B,https://neogen.wd5.myworkdayjobs.com/neogencareers,
Dendreon,dendreon.com,https://dendreon.com/careers,$500M - $1B,https://careers-dendreon.icims.com/jobs/search?ss=1&mobile=false&width=1185&height=500&bga=true&needsRedirect=false&jan1offset=-420&jun1offset=-420,
PGT Custom Windows and Doors,pgtwindows.com,https://pgtwindows.com/careers,$500M - $1B,https://careers.miterbrands.com/us/en/search-results?m=3,
Apsco,trulite.com,https://trulite.com/careers,$500M - $1B,https://myjobs.adp.com/trulitecareers1/cx,
Oatey Company,oatey.com,https://oatey.com/careers,$500M - $1B,https://careers.oatey.com/search/searchjobs?categoryid=62d7e163-6f24-481e-881a-64997f412996,
Persistent Systems,persistent.com,https://persistent.com/careers,$500M - $1B,https://careers.persistent.com/explore-opportunities,
Rohrer Corporation,mrisoftware.com,https://mrisoftware.com/careers,$500M - $1B,https://mrisoftware.wd501.myworkdayjobs.com/External_CareerSite?CF_LRV_Department_Extended=39f984bc69f010128f2f2b5e0d220000,
Shure Incorporated,shure.com,https://shure.com/careers,$500M - $1B,https://careershub-shure.icims.com/jobs/search?hashed=-435589572&mobile=false&width=1640&height=500&bga=true&needsRedirect=false&jan1offset=-300&jun1offset=-240,
Arlo Technologies Inc.,arlo.com,https://arlo.com/careers,$500M - $1B,https://arlo.wd12.myworkdayjobs.com/External_Careers,
Bel Fuse Inc.,belfuse.com,https://belfuse.com/careers,$500M - $1B,https://jobs.sprockets.ai/en-US/belfuseinc/jobs,
Skullcandy Inc.,skullcandy.com,https://skullcandy.com/careers,$500M - $1B,https://skullcandy.applicantpro.com/jobs/,
Delevan,delevan.com,https://delevan.com/careers,$500M - $1B,https://careers.regalrexnord.com/en/jobs/?search=&location=&origin=global,
PZ Cussons,pzcussons.com,https://pzcussons.com/careers,$500M - $1B,https://www.pzcussons.com/careers/jobs/?pz_job_department=119,
Mouser Electronics,mouser.com,https://mouser.com/careers,$500M - $1B,https://eabw.fa.us2.oraclecloud.com/hcmUI/CandidateExperience/en/sites/CX_1/jobs?lastSelectedFacet=CATEGORIES&mode=location&selectedCategoriesFacet=300000168253526,
Priority Wire & Cable,prioritywire.com,https://prioritywire.com/careers,$500M - $1B,https://recruiting2.ultipro.com/PRI1029PWC/JobBoard/03f7d07e-9722-44e9-9839-d6b2b974e321/?q=&o=postedDateDesc&f5=6Xu7twqJkUuzr1LfIE-sgg,
Electronic Theatre Controls,etcconnect.com,https://etcconnect.com/careers,$500M - $1B,https://www.etcconnect.com/Careers/Current-Openings.aspx?LangType=1033,
Chemelex,chemelex.com,https://chemelex.com/careers,$500M - $1B,https://jobs.dayforcehcm.com/chemelex/CANDIDATEPORTAL,
Ametek Level Measurement Solutions,ametek-measurement.com,https://ametek-measurement.com/careers,$500M - $1B,https://jobs.ametek.com/go/Level-Measurement-Solutions/9299000/,
Ennovi,ennovi.com,https://ennovi.com/careers,$500M - $1B,https://ennovi.com/internal-career-portal-and-tapplent/,
Blue Apron,blueapron.com,https://blueapron.com/careers,$500M - $1B,https://wonder.wd1.myworkdayjobs.com/WG?jobFamilyGroup=057ad3002e211001ef5e5695da200000,
Smoothie King,smoothieking.com,https://smoothieking.com/careers,$500M - $1B,https://jobs.smoothieking.com/jobs,
Konami Gaming Inc.,konamigaming.com,https://konamigaming.com/careers,$500M - $1B,https://www.paycomonline.net/v4/ats/web.php/portal/01350CF494085F3FF60A45E3AB7A67DE/career-page,
Cantex,cantexcc.com,https://cantexcc.com/careers,$500M - $1B,https://www.paycomonline.net/v4/ats/web.php/portal/5D0D962A20961FDE966647E0CA5D5F18/career-page,
Abbott Diabetes Care Sales Corporation,diabetescare.abbott,https://diabetescare.abbott/careers,$500M - $1B,https://www.jobs.abbott/diabetes,
Vanderlande,vanderlande.com,https://vanderlande.com/careers,$500M - $1B,https://careers.vanderlande.com/all-jobs/,
Paper Converting Machine Company,pcmc.com,https://pcmc.com/careers,$500M - $1B,https://barrywehmiller.wd1.myworkdayjobs.com/BWCareers?q=corporate&jobFamilyGroup=7616d4d26f961005009307a16a4148f9,
Altec,altec.com,https://altec.com/careers,$500M - $1B,https://jobs.altec.com/search/information-services/jobs,
American International Industries,aiibeauty.com,https://aiibeauty.com/careers,$500M - $1B,https://www.aiibeauty.com/pages/careers,
KSB Company,ksb.com,https://ksb.com/careers,$500M - $1B,https://ksb.wd3.myworkdayjobs.com/KSB_ExternalCareerSite?jobFamilyGroup=fb0efd82623a100191db637cdb4f0000,
Steelscape,steelscape.com,https://steelscape.com/careers,$500M - $1B,https://bluescopenac.wd5.myworkdayjobs.com/BNACareers?hiringCompany=fb21cf14895a1003e75f120738ed0000&hiringCompany=fb21cf14895a1003e75f0dd3c1580000,
Case Construction Equipment,casece.com,https://casece.com/careers,$500M - $1B,https://join.cnh.com/search/?q=&markerViewed=&carouselIndex=&facetFilters=%7B%22cust_PostingCategory%22%3A%5B%22Digital+and+Information+Technology%22%5D%7D&pageNumber=0,
Böllhoff Group,boellhoff.com,https://boellhoff.com/careers,$500M - $1B,https://jobs.boellhoff.com/eng?_gl=1*ovj8en*_gcl_au*MTY2NzIxNjEwNi4xNzg1MjM2OTc1*_ga*MTU2NTg1MjE5NS4xNzg1MjM2OTc2*_ga_QYE8W1L9LJ*czE3ODUyMzY5NzUkbzEkZzAkdDE3ODUyMzY5NzUkajYwJGwwJGgw,
Mirka,mirka.com,https://mirka.com/careers,$500M - $1B,https://www.mirka.com/en/company/career/open-positions/senior-it-support-specialist/,
Accelleron,accelleron.com,https://accelleron.com/careers,$500M - $1B,https://accelleron.com/careers,
Protolabs,protolabs.com,https://protolabs.com/careers,$500M - $1B,https://jobs.lever.co/protolabs/?department=Technology,
FLSmidth Cement,flsmidth-cement.com,https://flsmidth-cement.com/careers,$500M - $1B,https://flsmidthcement.wd103.myworkdayjobs.com/Fuller_Global?jobFamilyGroup=86a270f17d7f01d22cb4b6e15f09ab18,
Hubs,hubs.com,https://hubs.com/careers,$500M - $1B,https://jobs.lever.co/protolabs/?department=Technology,
PRYM,prym-group.com,https://prym-group.com/careers,$500M - $1B,https://careers.prym.com/search/?createNewAlert=false&q=&locationsearch=&optionsFacetsDD_department=&optionsFacetsDD_country=,
Rapid,rapidmanufacturing.com,https://rapidmanufacturing.com/careers,$500M - $1B,https://jobs.lever.co/protolabs/?department=Technology,
Suspa,suspa.com,https://suspa.com/careers,$500M - $1B,https://www.suspa.com/unternehmen/karriere/stellenangebote,
Natus Medical Incorporated,natus.com,https://natus.com/careers,$500M - $1B,https://jobs.dayforcehcm.com/en-US/natus/CANDIDATEPORTAL,
Clean Energy,cleanenergyfuels.com,https://cleanenergyfuels.com/careers,$500M - $1B,https://cleanenergyfuels.com/about-us/careers,
Pelican Products Inc.,pelican.com,https://pelican.com/careers,$500M - $1B,https://jobs.dayforcehcm.com/pelican/candidateportal?departmentId=691,
Supernus Pharmaceuticals Inc.,supernus.com,https://supernus.com/careers,$500M - $1B,https://supernus.rec.pro.ukg.net/SUP1013SUPR/JobBoard/0ba1c63b-6f87-401f-a48b-9dc4fbd8561a/?q=&o=postedDateDesc&f5=Synrw6pdmU-7aHxdSTHa_A,
Lannett Company Inc.,lannett.com,https://lannett.com/careers,$500M - $1B,https://workforcenow.adp.com/mascsr/default/mdf/recruitment/recruitment.html?cid=9ea8c368-80ea-4567-adc5-5777ef295668&ccId=19000101_000001&lang=en_US,
LB Foster,lbfoster.com,https://lbfoster.com/careers,$500M - $1B,https://recruiting.ultipro.com/LBF1000LBFC/JobBoard/6abb5bbf-0835-4248-89f6-e1dc1ac46bff/?q=&o=postedDateDesc&w=&wc=&we=&wpst=&f5=vPTBGqlzC0KpG7yZ_Lb33g,
Xperi Inc.,adeia.com,https://adeia.com/careers,$500M - $1B,https://www.linkedin.com/company/adeia-inc/jobs,
Statco-DSI Process Systems,maxlinear.com,https://maxlinear.com/careers,$500M - $1B,https://careersus-maxlinear.icims.com/jobs/search?ss=1,
CalAmp,calamp.com,https://calamp.com/careers,$500M - $1B,https://careers-calamp.icims.com/jobs/search?ss=1&searchCategory=8730,
GrafTech International Ltd,www.graftech.com,https://www.graftech.com/careers,$504.1M,https://career4.successfactors.com/career?_s.crb=IlNjSabbaLp%252fk6eTvKp%252fTC8O1w0hrzIUjK%252ffPHavH1I%253d,
Ken's Foods Inc,www.kensfoods.com,https://www.kensfoods.com/careers,$506.2M,https://jobs.kensfoods.com/jobs?category_id=328,
Pharmascience,www.pharmascience.com,https://www.pharmascience.com/careers,$506.4M,https://recruiting.ultipro.ca/PHA5000/JobBoard/a8577a20-7714-da6f-8984-8fbc8d1138f7/?q=&o=postedDateDesc&f5=_hgkjqzXIkq0b91HLHytkA,
Joby Aviation,jobyaviation.com,https://jobyaviation.com/careers,$50M - $100M,https://careers-jobyaviation.icims.com/jobs/search?ss=1,
Gemini Group Inc.,geminigroup.net,https://geminigroup.net/careers,$50M - $100M,https://geminigroup.net/careers/current-job-openings/,
Keystone Powdered Metal Company,keystonepm.com,https://keystonepm.com/careers,$50M - $100M,https://jobs.jobvite.com/keystone-powdered-metal-company,
Yusa Corporation,yusa-oh.com,https://yusa-oh.com/careers,$50M - $100M,https://recruiting.paylocity.com/recruiting/jobs/All/0d97f108-bcf4-4dae-bc7c-84cd9e6c5137/Yusa-Corporation,
Applied Aerospace Structures Corporation,appliedaero.space,https://appliedaero.space/careers,$50M - $100M,https://secure6.saashr.com/ta/6168420.careers?CareersSearch=&lang=en-US#positions,
G.s. Precision Inc.,gsprecision.com,https://gsprecision.com/careers,$50M - $100M,https://recruiting.paylocity.com/Recruiting/Jobs/All/0f81e467-2225-4403-b209-c835c41d23c2,
Regional One Inc.,regionalone.com,https://regionalone.com/careers,$50M - $100M,https://workforcenow.adp.com/mascsr/default/mdf/recruitment/recruitment.html?cid=cd1963e8-755f-4f77-802f-d332c0022082&ccId=19000101_000001&lang=en_US,
PTC Therapeutics Inc.,ptcbio.com,https://ptcbio.com/careers,$50M - $100M,https://ptcbio.wd5.myworkdayjobs.com/en-US/PTC_Careers,
Ardelyx Inc.,ardelyx.com,https://ardelyx.com/careers,$50M - $100M,https://jobs.jobvite.com/ardelyx,
Axonics Inc.,axonics.com,https://axonics.com/careers,$50M - $100M,https://bostonscientific.eightfold.ai/careers,
RayzeBio,rayzebio.com,https://rayzebio.com/careers,$50M - $100M,https://bms.eightfold.ai/careers,
Adma Biologics Inc.,admabiologics.com,https://admabiologics.com/careers,$50M - $100M,https://performancemanager8.successfactors.com/messagebundle/_/vmod_3/common!/verp/ui/common-messagebundles/resources/i18n/common-components/messagebundle.properties,
Dunn Lumber,dunnlumber.com,https://dunnlumber.com/careers,$50M - $100M,https://careers.smartrecruiters.com/DunnLumberCompany,
New Pig,newpig.com,https://newpig.com/careers,$50M - $100M,https://jobs.jobvite.com/newpig,
PBI-Gordon Corporation,pbigordon.com,https://pbigordon.com/careers,$50M - $100M,https://job-boards.greenhouse.io/pbigordoncompaniesinc,
Mangan Inc.,manganinc.com,https://manganinc.com/careers,$50M - $100M,https://workforcenow.adp.com/mascsr/default/mdf/recruitment/recruitment.html?cid=0363f4b4-0274-4945-a384-b8a74a6d4033&ccId=424053531_1563&type=MP&lang=en_US,OK
E2G,e2g.com,https://e2g.com/careers,$50M - $100M,https://www.paycomonline.net/v4/ats/web.php/jobs?clientkey=F95B5DF109DC4B1F63F01180D1E6EDFE,OK
Soltesz,solteszco.com,https://solteszco.com/careers,$50M - $100M,https://workforcenow.adp.com/mascsr/default/mdf/recruitment/recruitment.html?cid=83dc9318-3388-4a8d-a7f8-86616a806a8b&ccId=19000101_000001&lang=en_US,OK
Power Engineers,powereng.com,https://powereng.com/careers,$50M - $100M,https://phh.tbe.taleo.net/phh04/ats/careers/v2/jobSearch?org=POWERENGINEERS&cws=44,OK
Ardmore Roderick,ardmoreroderick.com,https://ardmoreroderick.com/careers,$50M - $100M,https://ardmoreroderick.applytojob.com/apply/jobs/,OK
WithersRavenel,withersravenel.com,https://withersravenel.com/careers,$50M - $100M,https://recruiting.paylocity.com/recruiting/jobs/All/17529fbd-9afd-49ba-b923-6cec2a75a303/WithersRavenel-Inc,OK
Borton-Lawson,borton-lawson.com,https://borton-lawson.com/careers,$50M - $100M,https://verdantas.wd108.myworkdayjobs.com/Verdantas,OK
Stellar Solutions Inc.,stellarsolutions.com,https://stellarsolutions.com/careers,$50M - $100M,https://careers-stellarsolutions.icims.com/jobs/search,OK
Ambarella Inc.,ambarella.com,https://ambarella.com/careers,$50M - $100M,https://ambarella.wd108.myworkdayjobs.com/Ambarella,OK
Crystal Group,crystalrugged.com,https://crystalrugged.com/careers,$50M - $100M,https://employeeownedbrands.wd1.myworkdayjobs.com/Crystal,OK
JSR Micro Inc.,jsrmicro.com,https://jsrmicro.com/careers,$50M - $100M,https://jsrglobal.wd1.myworkdayjobs.com/NAHQ,OK
Soraa,soraalaser.com,https://soraalaser.com/careers,$50M - $100M,https://www.paycomonline.net/v4/ats/web.php/jobs?clientkey=981F867322F1798A9D2A5FF296D6A35D,OK
Bossa Nova,cerebras.ai,https://cerebras.ai/careers,$50M - $100M,https://jobs.ashbyhq.com/cerebras,OK
Alarm.com,alarm.com,https://alarm.com/careers,$50M - $100M,https://job-boards.greenhouse.io/alarmcom,OK
Pinnacle Solutions Incorporated,thepinnaclesolutions.com,https://thepinnaclesolutions.com/careers,$50M - $100M,https://pinnaclesolutionsinc.applicantstack.com/x/openings,OK
Eagle Technologies Inc.,eagletechva.com,https://eagletechva.com/careers,$50M - $100M,https://eagletechva.hire.trakstar.com/,OK
ACS Corporation,acstechnologies.com,https://acstechnologies.com/careers,$50M - $100M,https://recruiting.paylocity.com/recruiting/jobs/All/10dddce7-8ab8-484d-8acf-3754d32ec78d/Vanco-Payment-Solutions-Inc,OK
Barcoding Inc.,barcoding.com,https://barcoding.com/careers,$50M - $100M,https://recruiting.paylocity.com/recruiting/jobs/All/8b957fef-b8e3-4183-966f-4231d0cb71c5/DecisionPoint-Technologies-Career-Page,OK
Amano McGann Inc.,amanomcgann.com,https://amanomcgann.com/careers,$50M - $100M,https://workforcenow.adp.com/mascsr/default/mdf/recruitment/recruitment.html?cid=63918673-1ceb-4b28-abef-3f2c07864147,OK
Qosina,qosina.com,https://qosina.com/careers,$50M - $100M,https://workforcenow.adp.com/mascsr/default/mdf/recruitment/recruitment.html?cid=6af419cf-b114-4710-a97c-b96b664c424d&ccId=19000101_000001&lang=en_US,OK
Cranemasters,cranemasters.com,https://cranemasters.com/careers,$50M - $100M,https://secure6.saashr.com/ta/6161052.careers?CareersSearch=&lang=en-US,OK
Celera Motion,celeramotion.com,https://celeramotion.com/careers,$50M - $100M,https://novanta.wd5.myworkdayjobs.com/Novanta-Careers,OK
Tile,tile.com,https://tile.com/careers,$50M - $100M,https://job-boards.greenhouse.io/life360,
JL Audio Inc.,jlaudio.com,https://jlaudio.com/careers,$50M - $100M,https://careers-garmin.icims.com/jobs/search,
Coilcraft Inc.,coilcraft.com,https://coilcraft.com/careers,$50M - $100M,https://coilcraft.applicantpro.com/jobs,
Circuit Check Inc.,circuitcheck.com,https://circuitcheck.com/careers,$50M - $100M,https://workforcenow.adp.com/mascsr/default/mdf/recruitment/recruitment.html?cid=fdec5e01-7972-4ed7-916b-39eacf46093c&ccId=19000101_000001,
Simms Fishing Products,simmsfishing.com,https://simmsfishing.com/careers,$50M - $100M,https://revelyst.wd1.myworkdayjobs.com/EXTERNAL_REVELYST,
Daisy,joindaisy.com,https://joindaisy.com/careers,$50M - $100M,https://www.joindaisy.com/careers,
Universal Technical Resource Services Inc.,utrs.com,https://utrs.com/careers,$50M - $100M,https://utrs.bamboohr.com/careers,
Terran Orbital Corporation,terranorbital.com,https://terranorbital.com/careers,$50M - $100M,https://job-boards.greenhouse.io/terranorbitalcorporation,
X-Bow Systems Inc.,xbowsystems.com,https://xbowsystems.com/careers,$50M - $100M,https://xbowsystems.applicantpro.com/jobs,
Nou Systems Inc.,nou-systems.com,https://nou-systems.com/careers,$50M - $100M,https://workforcenow.adp.com/mascsr/default/mdf/recruitment/recruitment.html?cid=9e26f425-d064-4c19-9e7b-cc8236837a7c&ccId=19000101_000001,
Advanced Circuits,advancedpcb.com,https://advancedpcb.com/careers,$50M - $100M,https://recruiting.paylocity.com/recruiting/jobs/All/a783427f-e86b-43c3-8aae-b6ff52ae5a11/APCT-INC,
AdvancedPCB,advancedpcb.com,https://advancedpcb.com/careers,$50M - $100M,https://recruiting.paylocity.com/recruiting/jobs/All/a783427f-e86b-43c3-8aae-b6ff52ae5a11/APCT-INC,
Lightspeed,lightspeed-tek.com,https://lightspeed-tek.com/careers,$50M - $100M,https://jobs.ashbyhq.com/lightspeed,
BEGA,bega-us.com,https://bega-us.com/careers,$50M - $100M,https://www.paycomonline.net/v4/ats/web.php/jobs?clientkey=5A7BA468EE80A9C36E246EAEA9819069,
Aved Electronics,aved.com,https://aved.com/careers,$50M - $100M,https://workforcenow.adp.com/mascsr/default/mdf/recruitment/recruitment.html?cid=c8842c22-2743-4df9-af35-f08182629130,
Weidmann Electrical Technology,weidmann-electrical.com,https://weidmann-electrical.com/careers,$50M - $100M,https://jobs.dayforcehcm.com/en-US/wicor/CANDIDATEPORTAL,
Rosenberger Group,rosenberger.com,https://rosenberger.com/careers,$50M - $100M,https://www.rosenberger.com/career/,
Applied Thin -Film Products Inc.,thinfilm.com,https://thinfilm.com/careers,$50M - $100M,https://vishay.wd3.myworkdayjobs.com/VishayCareers,
Microboard,microboard.com,https://microboard.com/careers,$50M - $100M,https://www.paycomonline.net/v4/ats/web.php/jobs?clientkey=451DCAEE78DF506395309E0CC9AEAEB4,
Vantedge Medical,dextermag.com,https://dextermag.com/careers,$50M - $100M,https://recruiting2.ultipro.com/DEX1001DMTEC/JobBoard/3f145a6a-609d-4524-8c55-f78d4edcd325,
Fronius,fronius.com,https://fronius.com/careers,$50M - $100M,https://fronius.wd3.myworkdayjobs.com/Job_Board,
Daniels Manufacturing Corporation,dmctools.com,https://dmctools.com/careers,$50M - $100M,https://recruiting.paylocity.com/recruiting/jobs/All/7a530f1a-5fde-4e9b-afd7-1668ea9de72c/Daniels-Manufacturing-Corp,
Avtron Power Solutions,avtronpower.com,https://avtronpower.com/careers,$50M - $100M,https://workforcenow.adp.com/mascsr/default/mdf/recruitment/recruitment.html?cid=56cc03b7-d58a-4ac9-8391-390840ad8e7e,
Heyco Products Corp.,heyco.com,https://heyco.com/careers,$50M - $100M,https://myjobs.adp.com/pennengineering/cx,
E Ink Corporation,eink.com,https://eink.com/careers,$50M - $100M,https://recruiting.ultipro.com/EIN1000EINK/JobBoard/a41773f4-adab-4192-88a9-8bc27fbad529,
Hisco Inc.,hisco.com,https://hisco.com/careers,$50M - $100M,https://www.paycomonline.net/v4/ats/web.php/jobs?clientkey=7A796385CF8DAA6282351868D5322F62,
Kyocera SLD Laser,kyocera-sldlaser.com,https://kyocera-sldlaser.com/careers,$50M - $100M,https://www.paycomonline.net/v4/ats/web.php/jobs?clientkey=981F867322F1798A9D2A5FF296D6A35D,
Smart Wires Inc.,smartwires.com,https://smartwires.com/careers,$50M - $100M,https://recruiting.paylocity.com/recruiting/jobs/All/8f488a31-5cd0-45aa-8731-aee8fbf85852/Smart-Wire-Grid-Inc,
Tenergy Corporation,tenergy.com,https://tenergy.com/careers,$50M - $100M,https://careers.smartrecruiters.com/Tenergy,
Infleqtion,infleqtion.com,https://infleqtion.com/careers,$50M - $100M,https://apply.workable.com/coldquanta,
PreSonus,presonus.com,https://presonus.com/careers,$50M - $100M,https://job-boards.greenhouse.io/fender,
Renogy,renogy.com,https://renogy.com/careers,$50M - $100M,https://renogy.isolvedhire.com,
Lake Shore Cryotronics,lakeshore.com,https://lakeshore.com/careers,$50M - $100M,https://recruiting.paylocity.com/Recruiting/Jobs/All/f846c487-d7c6-4a75-81f5-6a115672fa77/Dwyer-Instruments-Inc,
Bitsight,bitsight.com,https://bitsight.com/careers,$50M - $100M,https://bitsight.wd1.myworkdayjobs.com/Bitsight,
Potter Electric Signal Co.,pottersignal.com,https://pottersignal.com/careers,$50M - $100M,https://www.paycomonline.net/v4/ats/web.php/jobs?clientkey=A026938E76FFE6716E20BF17FF3CDEBB,
Rantec Power Systems Inc.,rantec.com,https://rantec.com/careers,$50M - $100M,https://rantecpowersystemsinc.applytojob.com,
Pioneer Circuits Inc.,pioneercircuits.com,https://pioneercircuits.com/careers,$50M - $100M,https://job-boards.greenhouse.io/pioneercircuits,
Cristek,cristek.com,https://cristek.com/careers,$50M - $100M,https://recruiting.paylocity.com/recruiting/jobs/All/fd5cdb60-7d8f-4b35-b879-abf20708c4fc/CRISTEK-INTERCONNECTS-LLC,
Tekion Corp.,tekion.com,https://tekion.com/careers,$50M - $100M,https://job-boards.greenhouse.io/tekion,
TE Wire & Cable LLC,tewire.com,https://tewire.com/careers,$50M - $100M,https://marmon.wd501.myworkdayjobs.com/Marmon_Careers,
Megger,megger.com,https://megger.com/careers,$50M - $100M,https://megger.wd3.myworkdayjobs.com/MeggerCareers,
Dynapower,dynapower.com,https://dynapower.com/careers,$50M - $100M,https://sensata.wd1.myworkdayjobs.com/Sensata-Careers,
Sila Nanotechnologies Inc.,silanano.com,https://silanano.com/careers,$50M - $100M,https://job-boards.greenhouse.io/silananotechnologies,
LightSail Energy,silanano.com,https://silanano.com/careers,$50M - $100M,https://job-boards.greenhouse.io/silananotechnologies,
Magna-Power Electronics,magna-power.com,https://magna-power.com/careers,$50M - $100M,https://magnapower.bamboohr.com/careers,
Advanced Interconnections Corp.,advanced.com,https://advanced.com/careers,$50M - $100M,https://advanced.recruitee.com,
Altronix Corp.,altronix.com,https://altronix.com/careers,$50M - $100M,https://careers.smartrecruiters.com/AltronixCorp,
Audio Command Systems,audiocommand.com,https://audiocommand.com/careers,$50M - $100M,https://audiocommand.com/about-us/careers,
Camlin Group,camlingroup.com,https://camlingroup.com/careers,$50M - $100M,https://ats.rippling.com/en-GB/jobs,
Cobalt Digital,cobaltdigital.com,https://cobaltdigital.com/careers,$50M - $100M,https://cobaltdigital.com/careers/,
Eurofins E&E,metlabs.com,https://metlabs.com/careers,$50M - $100M,https://careers.smartrecruiters.com/Eurofins,
Freeman Enclosure Systems LLC,freemanenclosures.com,https://freemanenclosures.com/careers,$50M - $100M,https://careers-ies-co.icims.com/jobs/search,
Hochiki America Corporation,hochikiamerica.com,https://hochikiamerica.com/careers,$50M - $100M,https://hochiki.bamboohr.com/careers,
I-CON Systems Inc.,i-con.com,https://i-con.com/careers,$50M - $100M,https://wattswater.wd5.myworkdayjobs.com/External,
Iport,iport.io,https://iport.io/careers,$50M - $100M,https://recruiting.paylocity.com/recruiting/jobs/All/b8a32755-d855-44f8-970d-3bb155b7c599/SONANCE,
Machine Vision Products Inc.,visionpro.com,https://visionpro.com/careers,$50M - $100M,https://careers.smartrecruiters.com/visionpro,
Omnetics Connector Corporation,omnetics.com,https://omnetics.com/careers,$50M - $100M,https://job-boards.greenhouse.io/xai,
Qioptiq,qioptiq.com,https://qioptiq.com/careers,$50M - $100M,https://flir.wd1.myworkdayjobs.com/flircareers,
Segue Manufacturing Services,segue-mfg.com,https://segue-mfg.com/careers,$50M - $100M,https://job-boards.greenhouse.io/xai,
Swiss Precision Machining,vantedgemedical.com,https://vantedgemedical.com/careers,$50M - $100M,https://recruiting.paylocity.com/recruiting/jobs/All/73eb21ac-b2c3-4172-930c-67b6252d5b8b/Vantedge-Medical-Group,
Switchcraft Conxall,switchcraft.com,https://switchcraft.com/careers,$50M - $100M,https://myjobs.adp.com/heico/cx,
Dippin' Dots LLC,dippindots.com,https://dippindots.com/careers,$50M - $100M,https://job-boards.greenhouse.io/jjsnackfoods,
CorneaGen,corneagen.com,https://corneagen.com/careers,$50M - $100M,https://www.paycor.com/recruiting-software,
Cranial Technologies Inc.,cranialtech.com,https://cranialtech.com/careers,$50M - $100M,https://job-boards.greenhouse.io/cranialtechnologies,
Fulfil,fulfil.com,https://fulfil.com/careers,$50M - $100M,https://job-boards.greenhouse.io/fulfil,
Shuttleworth,shuttleworth.com,https://shuttleworth.com/careers,$50M - $100M,https://promachbuilt.wd108.myworkdayjobs.com/en-US/promach,
GPA,global-business.net,https://global-business.net/careers,$50M - $100M,https://workforcenow.adp.com/mascsr/default/mdf/recruitment/recruitment.html?cid=1791432f-591e-46ee-ac85-0a00248655b3&ccId=19000101_000001,
Rexa Inc.,rexa.com,https://rexa.com/careers,$50M - $100M,https://rexa.bamboohr.com/careers,
Universal,universalnorthamerica.com,https://universalnorthamerica.com/careers,$50M - $100M,https://workforcenow.adp.com/mascsr/default/mdf/recruitment/recruitment.html?cid=ca49ec8a-f1c6-4e7b-bfb3-cb7171724153&ccId=19000101_000001,
Sentry Equipment,sentry-equip.com,https://sentry-equip.com/careers,$50M - $100M,https://workforcenow.adp.com/mascsr/default/mdf/recruitment/recruitment.html?cid=d82e3db9-52eb-4596-91d7-6bde73ce34fa&ccId=19000101_000001,
T. J. Snow Company Inc.,tjsnow.com,https://tjsnow.com/careers,$50M - $100M,https://career.com,
Trystar,trystar.com,https://trystar.com/careers,$50M - $100M,https://workforcenow.adp.com/mascsr/default/mdf/recruitment/recruitment.html?cid=beb9960c-acce-44eb-beb5-775ef89b3ee8&ccId=19000101_000001,
Maxcess,rotometrics.com,https://rotometrics.com/careers,$50M - $100M,https://job-boards.greenhouse.io/maxcessinternational,
Combi Packaging Systems LLC,combi.com,https://combi.com/careers,$50M - $100M,https://www.paycor.com/recruiting-software,
MC Machinery Systems Inc.,mcmachinery.com,https://mcmachinery.com/careers,$50M - $100M,https://workforcenow.adp.com/mascsr/default/mdf/recruitment/recruitment.html?cid=0f9540e8-3f3b-44e3-8943-a43fd7951cc2&ccId=19000101_000001,
UHI Group,uhigroup.com,https://uhigroup.com/careers,$50M - $100M,https://www.uhigroup.com/employment/,
Kardexremstar Inc.,kardexremstar.com,https://kardexremstar.com/careers,$50M - $100M,https://kardex.wd103.myworkdayjobs.com/Kardex,
Addison HVAC,addison-hvac.com,https://addison-hvac.com/careers,$50M - $100M,https://www.paycor.com/privacy-policy,
Greenfield Industries Inc.,gfii.com,https://gfii.com/careers,$50M - $100M,https://workforcenow.adp.com/mascsr/default/mdf/recruitment/recruitment.html?cid=14013fb1-88fa-4588-871c-68168a61b8c6&ccId=19000101_000001,
Lowe Boats,loweboats.com,https://loweboats.com/careers,$50M - $100M,https://brunswick.wd1.myworkdayjobs.com/SearchEMEA,
Precision Metal Products,pmpforge.com,https://pmpforge.com/careers,$50M - $100M,https://workforcenow.adp.com/mascsr/default/mdf/recruitment/recruitment.html?cid=4547a279-92be-4f71-9676-d4a7f4791677&ccId=9200508188667_2,
Advanced Technology Systems Company,atscva.com,https://atscva.com/careers,$50M - $100M,https://workforcenow.adp.com/mascsr/default/mdf/recruitment/recruitment.html?cid=98bc5085-da7f-4583-8e58-cfea65332c30&ccId=19000101_000001,
Barletta Boat Company LLC,barlettapontoonboats.com,https://barlettapontoonboats.com/careers,$50M - $100M,https://workforcenow.adp.com/mascsr/default/mdf/recruitment/recruitment.html?cid=82c90207-af7d-495b-b437-aa9a4c72f4e8&ccId=9200988411988_2,
Alacriant Inc.,alacriant.com,https://alacriant.com/careers,$50M - $100M,https://www.paycor.com/recruiting-software,
The Hope Group,thehopegroup.com,https://thehopegroup.com/careers,$50M - $100M,https://jobs.lever.co/sunsrce,
ARC Abrasives Inc.,arcabrasives.com,https://arcabrasives.com/careers,$50M - $100M,https://arcabrasives.isolvedhire.com,
AHA Consulting Engineers,aha-engineers.com,https://aha-engineers.com/careers,$50M - $100M,https://workforcenow.adp.com/mascsr/default/mdf/recruitment/recruitment.html?cid=4368bc58-6c54-479e-b56b-f19037b54073&ccId=19000101_000001,
Price Engineering,priceeng.com,https://priceeng.com/careers,$50M - $100M,https://jobs.lever.co/sunsrce,
Nikkiso ACD,cranecpe.com,https://cranecpe.com/careers,$50M - $100M,https://cranecompany.wd5.myworkdayjobs.com/Careers,
Solve Industrial Services,solveindustrial.com,https://solveindustrial.com/careers,$50M - $100M,https://solveimg.applytojob.com,
Metallized Carbon Corporation,metcar.com,https://metcar.com/careers,$50M - $100M,https://workforcenow.adp.com/mascsr/default/mdf/recruitment/recruitment.html?cid=b1b93554-e38d-4b6b-879c-5f58eea6f957&ccId=19000101_000001,
Ilmor Engineering Inc.,ilmor.com,https://ilmor.com/careers,$50M - $100M,https://www.paycor.com/recruiting-software,
Optimation Technology Inc.,optimation.us,https://optimation.us/careers,$50M - $100M,https://job-boards.greenhouse.io/rebuildmanufacturing,
General Kinematics Vibrating Equipment,kelcoind.com,https://kelcoind.com/careers,$50M - $100M,https://ats.rippling.com/kelcoindustries/jobs,
Zehnder Rittling,zehnder-rittling.com,https://zehnder-rittling.com/careers,$50M - $100M,https://zehnderrittling.isolvedhire.com,
Pelco Products Inc.,pelcoinc.com,https://pelcoinc.com/careers,$50M - $100M,https://workforcenow.adp.com/mascsr/default/mdf/recruitment/recruitment.html?cid=10a84f57-1f6a-4d9e-a9cb-0f38980cc670&ccId=19000101_000001,
Nova-Tech Engineering,nteglobal.com,https://nteglobal.com/careers,$50M - $100M,https://novatechengineering.applytojob.com,
Apache Stainless Equipment Corporation and Mepaco,apachestainless.com,https://apachestainless.com/careers,$50M - $100M,https://employeeownedbrands.wd501.myworkdayjobs.com/Apache_Stainless,
Varitec Solutions,varitecsolutions.com,https://varitecsolutions.com/careers,$50M - $100M,https://varitecsolutions.com/careers/,
ITS Logistics LLC,www.its4logistics.com,https://www.its4logistics.com/careers,$731.2M,https://job-boards.greenhouse.io/itslogisticsllc,
Bihler of America,www.bihler.com,https://www.bihler.com/careers/,$50 mil. - $100 mil.,https://www.bihler.com/careers/,
BK Technologies,www.bktechnologies.com,https://www.bktechnologies.com/careers/,$50 mil. - $100 mil.,https://recruiting.paylocity.com/recruiting/jobs/All/d703308f-d7cb-40b8-af8e-597439de061b/BK-Technologies-Inc,
Control Solutions,www.controlsolutionsinc.com,https://www.controlsolutionsinc.com/careers,$50 mil. - $100 mil.,https://careers.adama.com/search/?createNewAlert=false&q=&locationsearch=&optionsFacetsDD_facility=IT&optionsFacetsDD_city=,
Cook Sales,www.cookstuff.com,https://cookstuff.com/careers/,$50 mil. - $100 mil.,https://leonardusa.rec.pro.ukg.net/LEO1500LAMU/JobBoard/9c339e48-05b0-4aee-9cca-f4ed2f56f87d/?q=&o=postedDateDesc,
Cox Manufacturing Company,www.coxmanufacturing.com,https://www.coxmanufacturing.com/careers,$50 mil. - $100 mil.,https://www.hralliance.net/Apply/FindPosition.aspx?browse=Position,
Dallmeier electronic,www.dallmeier.com,https://www.dallmeier.com/about-us/careers,$50 mil. - $100 mil.,https://www.dallmeier.com/about-us/careers,
Dayton-Phoenix Group,www.dayton-phoenix.com,https://www.dayton-phoenix.com/careers-2/,$50 mil. - $100 mil.,https://jobs.dayforcehcm.com/en-US/dpg/CANDIDATEPORTAL,
dB Control,www.dbcontrol.com,https://www.dbcontrol.com/careers/,$50 mil. - $100 mil.,https://www.dbcontrol.com/careers/,
Delcath Systems,www.delcath.com,https://delcath.com/about-us/careers/,$50 mil. - $100 mil.,https://delcath.com/open-positions/,
Dermavant,www.dermavant.com,https://www.organon.com/careers/,$50 mil. - $100 mil.,https://jobs.organon.com/us/en/search-results,
DN Tanks,www.dntanks.com,https://jobs.lever.co/dnllc,$50 mil. - $100 mil.,https://jobs.lever.co/dnllc,
Double E,www.ee-co.com,https://www.ee-co.com/about/employment-opportunities,$50 mil. - $100 mil.,https://www.ee-co.com/about/employment-opportunities,
Durham Coca-cola Bottling,www.durhamcocacola.com,https://randccb.com/careers/,$50 mil. - $100 mil.,https://workforcenow.adp.com/mascsr/default/mdf/recruitment/recruitment.html?cid=c5498740-80ac-4758-ac1f-c6390a513f8a&ccId=19000101_000001&lang=en_US,
Eagle Eye Produce,www.eagleeyeproduce.com,https://www.eagleeyeproduce.com/careers/,$50 mil. - $100 mil.,https://www.eagleeyeproduce.com/careers/,
Echosens,www.echosens.com,https://www.echosens.com/working-at-echosens/#job,$50 mil. - $100 mil.,https://www.echosens.com/working-at-echosens/,
Fair Oaks Foods,www.fairoaksfoods.com,https://fairoaksfoods.com/opportunities/,$50 mil. - $100 mil.,https://fairoaksfoods.com/opportunities/,
Falcon Plastics,www.falconplastics.com,https://www.falconplastics.com/about-falcon-plastics/career-center/,$50 mil. - $100 mil.,https://www.falconplastics.com/about-falcon-plastics/career-center/,
Finetech,www.finetechusa.com,https://finetechusa.com/career/,$50 mil. - $100 mil.,https://finetechusa.com/career/,
Flexible Technologies,www.flexibletechnologies.com,https://www.flexibletechnologies.com/careers/,$50 mil. - $100 mil.,https://www.smiths.com/careers/job-search,
FMI Aerostructures,www.fmiaerostructures.com,https://www.fmiaerostructures.com/careers/,$50 mil. - $100 mil.,https://recruiting.paylocity.com/recruiting/jobs/All/b72192a8-bdf4-41ec-b808-728353e84325/FMI-Holdco-LLC,
Forerunner Technologies Inc,www.frtinc.com,https://recruiting.paylocity.com/recruiting/jobs/All/1210569e-bfc3-49b0-be30-3ac3cd16dec1/FORERUNNER-TECHNOLOGIES-INC,$50 mil. - $100 mil.,https://recruiting.paylocity.com/recruiting/jobs/All/1210569e-bfc3-49b0-be30-3ac3cd16dec1/FORERUNNER-TECHNOLOGIES-INC,
Forrest Technical Coatings,www.forrestpaint.com,https://forrest-technical-coatings.breezy.hr/,$50 mil. - $100 mil.,https://forrest-technical-coatings.breezy.hr/,
Function of Beauty,www.functionofbeauty.com,https://ats.rippling.com/functionofbeauty/jobs,$50 mil. - $100 mil.,https://ats.rippling.com/functionofbeauty/jobs,
Furmano's,www.furmanos.com,https://furmanos.com/careers/,$50 mil. - $100 mil.,https://www.indeed.com/jobs?q=furmano+foods&l=Northumberland%2C+PA&vjk=2a6cbeaa69e5d853,
Gasbarre Products,www.gasbarre.com,https://www.gasbarre.com/careers/,$50 mil. - $100 mil.,https://www.gasbarre.com/careers/,
GA-SI,www.ga-si.com,https://sjobs.brassring.com/TGnewUI/Search/home/HomeWithPreLoad?partnerid=25539&siteid=5313&PageType=searchResults&SearchType=linkquery&LinkID=4394091#keyWordSearch=&locationSearch=,$50 mil. - $100 mil.,https://sjobs.brassring.com/TGnewUI/Search/home/HomeWithPreLoad?partnerid=25539&siteid=5313&PageType=searchResults&SearchType=linkquery&LinkID=4394091#keyWordSearch=&locationSearch=&Job%20Category=Avionics%2FElectronics,
Geringhoff,www.geringhoff.com,https://karriere.geringhoff.de/,$50 mil. - $100 mil.,https://karriere.geringhoff.de/,
GILCHRIST & SOAMES,www.gilchristsoames.com,https://careers.sysco.com/en/guest-worldwide,$50 mil. - $100 mil.,https://careers.sysco.com/en/search-jobs/IT/1105/1,
Globtek,www.globtek.com,https://www.globtek.com/en/contact/career-opportunities,$50 mil. - $100 mil.,https://www.globtek.com/en/contact/career-opportunities,
Gonzalez companies,www.gonzalez-group.com,https://workforcenow.adp.com/mascsr/default/mdf/recruitment/recruitment.html?cid=5c023ea4-bc02-46cc-b39b-6a21d84fdb3b&ccId=9200844182226_2&lang=en_US&selectedMenuKey=CareerCenter,$50 mil. - $100 mil.,https://workforcenow.adp.com/mascsr/default/mdf/recruitment/recruitment.html?cid=5c023ea4-bc02-46cc-b39b-6a21d84fdb3b&ccId=9200844182226_2&lang=en_US&selectedMenuKey=CareerCenter,
Grand Rapids Foam Technologies,www.grft.com,https://grft.com/careers/,$50 mil. - $100 mil.,https://www.indeed.com/cmp/Grand-Rapids-Foam-Technologies-2/jobs,
Great Dane Trailers,www.greatdanetrailers.com,https://greatdane.com/careers/,$50 mil. - $100 mil.,https://careers-greatdane.icims.com/jobs/search?ss=1&hashed=-625919415,
Greenfield World Trade,www.greenfieldworld.com,https://greenfield.com/careers,$50 mil. - $100 mil.,https://jobs.dayforcehcm.com/en-US/GGI/CANDIDATEPORTAL?locationString=United+States+of+America&distance=1,
Greenville Technology,www.mtnaoh.com/MorirokuNetwork/MorirokuTechnology.aspx,https://www.mtnaoh.com/MorirokuNetwork/MorirokuTechnology/Application.aspx,$50 mil. - $100 mil.,https://myjobs.adp.com/mtnaexternalscareers/cx,
Hartwell,www.hartwellcorp.com,https://www.hartwellcorp.com/careers/,$50 mil. - $100 mil.,https://www.hartwellcorp.com/careers/,
Healthway Medical Group,www.healthwaymedical.com,https://healthwaymedical.com/careers,$50 mil. - $100 mil.,https://healthwaymedical.com/careers,
Heart Aerospace,www.heartaerospace.com,https://www.heartaerospace.com/careers,$50 mil. - $100 mil.,https://www.heartaerospace.com/careers?department=flight-software,
Helm,www.helmus.com,https://www.helmag.com/en/business-units/chemicals,$50 mil. - $100 mil.,https://jobs.helmag.com/search/?createNewAlert=false&q=&optionsFacetsDD_country=US&optionsFacetsDD_location=&optionsFacetsDD_customfield1=&optionsFacetsDD_customfield2=&optionsFacetsDD_customfield3=,
Highland Baking,www.highlandbaking.com,https://highlandbaking.com/careers/,$50 mil. - $100 mil.,https://workforcenow.adp.com/mascsr/default/mdf/recruitment/recruitment.html?cid=66b6060a-0c44-436f-89d8-51ba0994e17d&ccId=19000101_000001&lang=en_US,
Hog Technologies,www.thehog.com,https://recruiting2.ultipro.com/FED1002FSC/JobBoard/cf9f4b94-cca2-4772-a32f-c19c29df6480/?q=&o=postedDateDesc&w=&wc=&we=&wpst=,$50 mil. - $100 mil.,https://recruiting2.ultipro.com/FED1002FSC/JobBoard/cf9f4b94-cca2-4772-a32f-c19c29df6480/?q=&o=postedDateDesc&w=&wc=&we=&wpst=,
Holland Applied Technologies,www.hollandapt.com,https://hollandapt.com/careers/,$50 mil. - $100 mil.,https://hollandappliedtechnologies.applytojob.com/apply,
Horizon Controls Group,www.horizon-controls.com,https://horizon-controls.com/careers/,$50 mil. - $100 mil.,https://horizon-controls.com/careers/,
Hoverfly Technologies,www.hoverflytech.com,https://hoverflytech.com/careers/,$50 mil. - $100 mil.,https://hoverflytech.com/careers/,
Hudson Jeans,www.hudsonjeans.com,https://careers-centricbrands.icims.com/jobs/search?ss=1&searchKeyword=%22hudson+jeans%22,$50 mil. - $100 mil.,https://careers-centricbrands.icims.com/jobs/search?ss=1&searchKeyword=%22hudson+jeans%22&mobile=false&width=1444&height=500&bga=true&needsRedirect=false&jan1offset=-300&jun1offset=-240,
Hutchinson Industries,www.hutchinsoninc.com,https://workforcenow.adp.com/mascsr/default/mdf/recruitment/recruitment.html?cid=3efbb433-e5b1-42f8-903a-c033af0d6ede&ccId=19000101_000001&lang=en_US,$50 mil. - $100 mil.,https://workforcenow.adp.com/mascsr/default/mdf/recruitment/recruitment.html?cid=3efbb433-e5b1-42f8-903a-c033af0d6ede&ccId=19000101_000001&lang=en_US,
Innovative Aerosystems,www.iascorp.com,https://iascorp.com/careers/,$50 mil. - $100 mil.,https://recruiting.paylocity.com/recruiting/jobs/All/f30d422b-e457-4411-ad97-cf04c0a6b0b5/INNOVATIVE-SOLUTIONS-AND-SUPPORT-LLC,
INTIGRAL,www.intigral.com,https://intigral.com/careers/,$50 mil. - $100 mil.,https://intigral.com/careers/,
Ion Storage Systems,www.ionstoragesystems.com,https://ionstoragesystems.com/career-opportunites/,$50 mil. - $100 mil.,https://ionstoragesystems.com/career-opportunites/,
Iredale Cosmetics,www.janeiredale.com,https://janeiredale.com/pages/careers,$50 mil. - $100 mil.,https://janeiredale.com/pages/careers,
ITW Performance Polymers,www.itwperformancepolymers.com,https://itwperformancepolymers.com/careers,$50 mil. - $100 mil.,https://careers.itw.com/us/en/search-results,
J. Skinner Baking Company,www.skinnerbaking.com,https://www.skinnerbaking.com/careers/,$50 mil. - $100 mil.,https://workforcenow.adp.com/mascsr/default/mdf/recruitment/recruitment.html?cid=d42495d0-9a2c-42ce-ae2a-761bc45d31b2&ccId=19000101_000001&lang=en_US,
Jackson and Tull,www.jnt.com,https://www.jnt.com/careers/,$50 mil. - $100 mil.,https://www.jnt.com/careers/employment-opportunities/,
Jil Sander,www.jilsander.com,https://careers.otb.net/,$50 mil. - $100 mil.,https://careers.otb.net/search/?createNewAlert=false&q=Technology&optionsFacetsDD_country=US,
JST Power Equipment,www.jstpower.com,https://jstpower.com/career-list/,$50 mil. - $100 mil.,https://jstpower.com/career-list/,
Textron Systems,www.textronsystems.com,https://www.textronsystems.com/careers,$500 mil. - $1 bil.,https://www.textronsystems.com/careers/apply-today?lookup=&primary_function%5B%5D=information+technology&country=&state=&city=&search=Search,
Tootsie Roll,www.tootsie.com,https://www.tootsie.com/careers,$500 mil. - $1 bil.,https://tootsie.com/locations/cambridge-ma/,
Rogers Group,www.rogersgroupincint.com,https://www.rogersgroupincint.com/careers,$500 mil. - $1 bil.,https://hdhf.fa.us6.oraclecloud.com/hcmUI/CandidateExperience/en/sites/CX_2001/jobs?location=United+States&locationId=300000000361862&locationLevel=country&mode=location,
Seaspan,www.seaspan.com,https://www.seaspan.com/careers,$500 mil. - $1 bil.,https://hckz.fa.us2.oraclecloud.com/hcmUI/CandidateExperience/en/sites/CX_1/jobs?keyword=IT&mode=job-location,
Sterilite,www.sterilite.com,https://www.sterilite.com/careers,$500 mil. - $1 bil.,https://secure4.entertimeonline.com/ta/6025735.careers?CareersSearch=&lang=en-US,
Foremost Farms USA,www.foremostfarms.com,https://www.foremostfarms.com/careers,$500 mil. - $1 bil.,https://phf.tbe.taleo.net/phf04/ats/careers/v2/searchResults?org=FOREMOST&cws=37,
Knowles,www.knowles.com,https://www.knowles.com/careers,$500 mil. - $1 bil.,https://myjobs.adp.com/knowles/cx/job-listing?keyword=IT,
Midmark,www.midmark.com,https://www.midmark.com/careers,$500 mil. - $1 bil.,https://hcor.fa.us2.oraclecloud.com/hcmUI/CandidateExperience/en/sites/CX_1/jobs?keyword=Information+Technology&mode=location,
Rambus,www.rambus.com,https://www.rambus.com/careers,$500 mil. - $1 bil.,https://careers-rambus.icims.com/jobs/search,
Stuller,www.stuller.com,https://www.stuller.com/careers,$500 mil. - $1 bil.,https://secure4.saashr.com/ta/6052029.careers?CareersSearch=&lang=en-US,
Darigold,www.darigold.com,https://www.darigold.com/careers,$500 mil. - $1 bil.,https://recruiting2.ultipro.com/DAR1001DARI/JobBoard/79e8d37a-ba2b-4b20-a8cb-97d585ea8433/?q=&o=postedDateDesc&w=&wc=&we=&wpst=,
Colorcon,www.colorcon.com,https://www.colorcon.com/careers,$500 mil. - $1 bil.,https://colorcon.csod.com/ux/ats/careersite/4/home?c=colorcon&country=us,
Netgear,www.netgear.com,https://www.netgear.com/careers,$500 mil. - $1 bil.,https://jobs.ashbyhq.com/netgear?departmentId=b4fc857a-5503-48ce-82bd-c8965474263c,
SunOpta,www.sunopta.com,https://www.sunopta.com/careers,$500 mil. - $1 bil.,https://jobs.dayforcehcm.com/sunopta/CANDIDATEPORTAL,
James Avery Artisan Jewelry,www.jamesavery.com,https://www.jamesavery.com/careers,$500 mil. - $1 bil.,https://recruiting2.ultipro.com/JAM1000JAC/JobBoard/35137f27-1391-4b80-b2c4-4920f836a228/?q=&o=postedDateDesc&w=&wc=&we=&wpst=&f5=j1Ex8E8KCEycC8gc27ycbw,
Standard Textile Co.,www.standardtextile.com,https://www.standardtextile.com/careers,$500 mil. - $1 bil.,https://standardtextile.wd5.myworkdayjobs.com/standardtextile?q=Information,
Orthofix,www.orthofix.com,https://www.orthofix.com/careers,$500 mil. - $1 bil.,https://orthofix.wd1.myworkdayjobs.com/External_Careers,
Life Fitness / Hammer Strength,www.lifefitness.com,https://www.lifefitness.com/careers,$500 mil. - $1 bil.,https://lifefitness.wd1.myworkdayjobs.com/en-US/searchLFN?jobFamilyGroup=7fce8e52807a10f92ee1444cf0da42b8,
TIMET,www.timet.com,https://www.timet.com/careers,$500 mil. - $1 bil.,https://pcctalentacquisitionportal.tal.net/vx/lang-en-GB/mobile-0/appcentre-ext/brand-7/xf-4529f9c669c1/candidate/jobboard/vacancy/3/adv/,
Ultradent Products,www.ultradent.com,https://www.ultradent.com/careers,$500 mil. - $1 bil.,https://ultradent.wd1.myworkdayjobs.com/careers?jobFamilyGroup=993f60709ddb01deda150de16014db3d&jobFamilyGroup=72259c10b1ba01c9a708fbe92d16301a,
Milgard Windows & Doors,www.milgard.com,https://www.milgard.com/careers,$500 mil. - $1 bil.,https://careers.miterbrands.com/us/en/search-results?m=3,
FormFactor,www.formfactor.com,https://www.formfactor.com/careers,$500 mil. - $1 bil.,https://formfactor.wd1.myworkdayjobs.com/FFI-Careers?jobFamilyGroup=427061e7438e1001e83408fcddcf0000,
Hypertherm,www.hypertherm.com,https://www.hypertherm.com/careers,$500 mil. - $1 bil.,https://hypertherm.wd503.myworkdayjobs.com/hypertherm-careers,
Videojet,www.videojet.com,https://www.videojet.com/careers,$500 mil. - $1 bil.,https://jobs.veralto.com/global/en/search-results,
Hollingsworth & Vose,www.hollingsworth-vose.com,https://www.hollingsworth-vose.com/careers,$500 mil. - $1 bil.,https://www.hollingsworth-vose.com/company/careers/,
SK pharmteco,www.skpharmteco.com,https://www.skpharmteco.com/careers,$500 mil. - $1 bil.,https://workforcenow.adp.com/mascsr/default/mdf/recruitment/recruitment.html?cid=2587055d-4b2d-402f-abbd-12d588997661&ccld=19000101_000001&type=MP&lang=en_US,
ACL Digital,www.acldigital.com,https://www.acldigital.com/careers,$500 mil. - $1 bil.,https://www2.jobdiva.com/portal/?a=m9jdnw9bk529dob7b0nhj8hmrmhgxe030ekfy8ww115xk0jkq5bxt25ll3hbstat&compid=-1#/,
Hamilton,www.hamiltoncompany.com,https://www.hamiltoncompany.com/careers,$500 mil. - $1 bil.,https://careers-hamiltoncompany.icims.com/jobs/search?ss=1&searchRelation=keyword_all&searchCategory=8730&_gl=1*fd859h*_gcl_au*MTcyMjQ3MTAzLjE3ODQ1NDkyNTc.*_ga*MTE0MjM1OTg1Ni4xNzg0NTQ5MjU3*_ga_RWJ9LH2B2T*czE3ODQ1NDkyNTYkbzEkZzAkdDE3ODQ1NDkyNTYkajYwJGwwJGgw&mobile=false&width=1904&height=500&bga=true&needsRedirect=false&jan1offset=-300&jun1offset=-240,
Maxcess International,www.maxcessintl.com,https://www.maxcessintl.com/careers,$500 mil. - $1 bil.,https://job-boards.greenhouse.io/maxcessinternational,
Latham,www.lathampool.com,https://www.lathampool.com/careers,$500 mil. - $1 bil.,https://www.lathampool.com/about-us/careers/,
Carrier Enterprise,www.carrierenterprise.com,https://www.carrierenterprise.com/careers,$500 mil. - $1 bil.,https://myjobs.adp.com/carrierenterprise/cx?__tx_annotation=false&c=1164651&d=ExternalCareerSiteCarrierEnterprise&sor=adprm,
Kraton,www.kraton.com,https://www.kraton.com/careers,$500 mil. - $1 bil.,https://jobs.kraton.com/search/?createNewAlert=false&q=&locationsearch=&optionsFacetsDD_title=,
Oxford Instruments,www.oxinst.com,https://www.oxinst.com/careers,$500 mil. - $1 bil.,https://jobs.oxinst.com/search/?createNewAlert=false&q=&locationsearch=&optionsFacetsDD_location=&optionsFacetsDD_country=&optionsFacetsDD_customfield1=&optionsFacetsDD_lang=&optionsFacetsDD_customfield3=,
Allegro MicroSystems,www.allegromicro.com,https://www.allegromicro.com/careers,$500 mil. - $1 bil.,https://allegromicro.wd5.myworkdayjobs.com/AllegroCareers,
BAC,www.baltimoreaircoil.com,https://www.baltimoreaircoil.com/careers,$500 mil. - $1 bil.,https://recruiting2.ultipro.com/AMS1003AMSII/JobBoard/15976ef7-7f1f-4b2f-8a0c-0e0ac1193dd8/?q=&o=postedDateDesc&w=&wc=&we=&wpst=&f5=j2aGR1LSaEyzIY2vAK1yww,
Pierce Manufacturing,www.piercemfg.com,https://www.piercemfg.com/careers,$500 mil. - $1 bil.,https://careers.oshkoshcorp.com/us/en/pierce-manufacturing,
Community Coffee,www.communitycoffee.com,https://www.communitycoffee.com/careers,$500 mil. - $1 bil.,https://jobs.dayforcehcm.com/en-US/communitycoffee/CANDIDATEPORTAL,
Ascential Technologies,www.ascentialtech.com,https://www.ascentialtech.com/careers,$500 mil. - $1 bil.,https://recruiting.ultipro.com/BUR1012BPGP/JobBoard/d30f5023-d13a-481d-a74b-946dc36ff36b/?q=&o=postedDateDesc,
KBI Biopharma,www.kbibiopharma.com,https://www.kbibiopharma.com/careers,$500 mil. - $1 bil.,https://jsrglobal.wd1.myworkdayjobs.com/en-US/KBI_Biopharma?jobFamilyGroup=94a08f625000013aa148369d652a9203,
Shockwave Medical,www.shockwavemedical.com,https://www.shockwavemedical.com/careers,$500 mil. - $1 bil.,https://www.careers.jnj.com/en/jobs/?search=Shockwave&pagesize=20#results,
Tsubaki Nakashima,www.tsubaki-nakashima.com,https://www.tsubaki-nakashima.com/careers,$500 mil. - $1 bil.,https://tsubaki-nakashima.com/en/careers/requirements/,
Veoneer,www.veoneer.com,https://www.veoneer.com/careers,$500 mil. - $1 bil.,https://career.veoneer.com/jobs,
Carlex,www.carlex.com,https://www.carlex.com/careers,$500 mil. - $1 bil.,https://recruiting2.ultipro.com/CAR1035/JobBoard/e04c9f6f-aec6-038b-4421-26ee6e38818a,
Mirion Technologies,www.mirion.com,https://www.mirion.com/careers,$500 mil. - $1 bil.,https://jobs.dayforcehcm.com/en-US/mirion/CANDIDATEPORTAL,
TransMedics,www.transmedics.com,https://www.transmedics.com/careers,$500 mil. - $1 bil.,https://transmedics.wd1.myworkdayjobs.com/TransMedics_Careers?jobFamilyGroup=7ab0d40ceecd1001b72172df901f0000,
Freudenberg Medical,www.freudenbergmedical.com,https://www.freudenbergmedical.com/careers,$500 mil. - $1 bil.,https://jobs.freudenberg.com/Freudenberg/?company=FM&area=JFG_10,
Dexter Axle,www.dexteraxle.com,https://www.dexteraxle.com/careers,$500 mil. - $1 bil.,https://www.dextergroup.com/careers/?department=506696B2-076F-019F-D5CE-6018E1C33D2D,
OPKO Health,www.opko.com,https://www.opko.com/careers,$500 mil. - $1 bil.,https://myjobs.adp.com/opko/cx/job-listing,
Addverb Technologies Pvt,www.addverb.com,https://www.addverb.com/careers,$500 mil. - $1 bil.,https://careers.addverb.com/,
ABARTA,www.abartacocacola.com,https://www.abartacocacola.com/careers,$500 mil. - $1 bil.,https://conaservices.jobs2web.com/abarta/search/?searchby=location&createNewAlert=false&q=&locationsearch=&geolocation=&optionsFacetsDD_city=&optionsFacetsDD_state=&optionsFacetsDD_zip=&optionsFacetsDD_location=&optionsFacetsDD_facility=&optionsFacetsDD_joblocale=,
Allergan Aesthetics,www.allerganaesthetics.com,https://www.allerganaesthetics.com/careers,$500 mil. - $1 bil.,https://careers.abbvie.com/en/jobs,
Bumble Bee Seafoods Company,www.bumblebee.com,https://www.bumblebee.com/careers,$500 mil. - $1 bil.,https://thebumblebeecompany.com/job-listings/,
SugarCreek,www.sugarcreek.com,https://www.sugarcreek.com/careers,$500 mil. - $1 bil.,https://jobs.dayforcehcm.com/sugarcreek/SugarCreekUSAJB,
Sabert,www.sabert.com,https://www.sabert.com/careers,$500 mil. - $1 bil.,https://secure6.saashr.com/ta/6148369.careers?CareersSearch=&lang=en-US,
iRhythm Technologies,www.irhythmtech.com,https://www.irhythmtech.com/careers,$500 mil. - $1 bil.,https://irhythmtech.wd5.myworkdayjobs.com/irhythm?jobFamilyGroup=6250cc0809e910005fd94cf7d2b50000,
Marposs S.p.A,www.marposs.com,https://www.marposs.com/careers,$500 mil. - $1 bil.,https://www.marposs.com/eng/careers,
Sig Sauer,www.sigsauer.com,https://www.sigsauer.com/careers,$500 mil. - $1 bil.,https://recruiting.ultipro.com/SIG1011SIGSA/JobBoard/9ec422f8-2ba7-4e60-983b-b473bf030bd6/?q=&o=postedDateDesc&w=&wc=&we=&wpst=,
Gleason,www.gleason.com,https://www.gleason.com/careers,$500 mil. - $1 bil.,https://jobs.dayforcehcm.com/gleason/CANDIDATEPORTAL?searchText=IT,
mizkan,www.mizkan.com,https://www.mizkan.com/careers,$500 mil. - $1 bil.,https://myjobs.adp.com/mizkancareers/cx/job-listing?keyword=IT,
Swisslog,www.swisslog.com,https://www.swisslog.com/careers,$500 mil. - $1 bil.,https://www.swisslog.com/en-my/careers/openings,
QuantumScape,www.quantumscape.com,https://www.quantumscape.com/careers,$500 mil. - $1 bil.,https://careers.quantumscape.com/go/All/9869900/,
Legend Biotech,www.legendbiotech.com,https://www.legendbiotech.com/careers,$500 mil. - $1 bil.,https://legendbiotech.com/careers/,
AriZona Beverages,www.drinkarizona.com,https://www.drinkarizona.com/careers,$500 mil. - $1 bil.,https://workforcenow.adp.com/mascsr/default/mdf/recruitment/recruitment.html?cid=b8d84808-3ed4-4290-aa6a-a20aeba8377f&ccId=19000101_000001&lang=en_US,
Dura-Line,www.duraline.com,https://www.duraline.com/careers,$500 mil. - $1 bil.,https://careers.orbia.com/search/?searchby=location&createNewAlert=false&q=&locationsearch=&geolocation=&optionsFacetsDD_customfield5=&optionsFacetsDD_department=FA+Information+Technology+%28FA_IIT_01%29&optionsFacetsDD_country=&optionsFacetsDD_city=&optionsFacetsDD_customfield2=&optionsFacetsDD_customfield1=,
Duracell,www.duracell.com,https://www.duracell.com/careers,$500 mil. - $1 bil.,https://fa-ewub-saasfaprod1.fa.ocs.oraclecloud.com/hcmUI/CandidateExperience/en/sites/CX_26/jobs?mode=location,
Fender,www.fender.com,https://www.fender.com/careers,$500 mil. - $1 bil.,https://intl.fender.com/pages/careers,
Kimball,www.kimballinternational.com,https://www.kimballinternational.com/careers,$500 mil. - $1 bil.,https://myjobs.adp.com/kimballcareers/cx/job-listing?keyword=tech,
MTS Systems,www.mts.com,https://www.mts.com/careers,$500 mil. - $1 bil.,https://careers.itw.com/us/en/mts,
Webco Industries,www.webcotube.com,https://www.webcotube.com/careers,$500 mil. - $1 bil.,https://webcotube.wd12.myworkdayjobs.com/Webco,
Morton Salt,www.mortonsalt.com,https://www.mortonsalt.com/careers,$500 mil. - $1 bil.,https://www.mortonsalt.com/explore-our-opportunities/?job_department=Information+Technology,
GE Current,www.gecurrent.com,https://www.gecurrent.com/careers,$500 mil. - $1 bil.,https://workforcenow.adp.com/mascsr/default/mdf/recruitment/recruitment.html?cid=47265edf-244d-45d7-ad34-fc81d446a318&ccId=19000101_000001&lang=en_US,
Pilatus Aircraft,www.pilatus-aircraft.com,https://www.pilatus-aircraft.com/careers,$500 mil. - $1 bil.,https://www.pilatus-aircraft.com/en/jobs,
Old World Industries,www.owi.com,https://www.owi.com/careers,$500 mil. - $1 bil.,https://jobs.dayforcehcm.com/owi/CANDIDATEPORTALowi?departmentId=4,
Zeon Chemicals,www.zeonchemicals.com,https://www.zeonchemicals.com/careers,$500 mil. - $1 bil.,https://workforcenow.adp.com/mascsr/default/mdf/recruitment/recruitment.html?cid=733d09c0-84e6-4cc6-a899-2248c66b3751&ccId=19000101_000001&lang=en_US,
Shyft Group,www.theshyftgroup.com,https://www.theshyftgroup.com/careers,$500 mil. - $1 bil.,https://theshyftgroup.csod.com/ux/ats/careersite/4/home?c=theshyftgroup&cfdd[0][id]=83&cfdd[0][options][0]=112,
JACK LINK'S,www.jacklinks.com,https://www.jacklinks.com/careers,$500 mil. - $1 bil.,https://careers.smartrecruiters.com/JackLinksProteinSnacks/jack-links-career-pages,
Peterbilt,www.peterbilt.com,https://www.peterbilt.com/careers,$500 mil. - $1 bil.,https://jobs.paccar.com/search/?q=&q2=&alertId=&locationsearch=&optionsFacetsDD_facility=Peterbilt+Motors+Company&title=&location=&department=IT&date=&facility=#searchresults,
"Piper Aircraft, Inc",www.piper.com,https://www.piper.com/careers,$500 mil. - $1 bil.,https://www.irecruit-us.com/index.php?OrgID=I20200305&navpg=listings&olnew=1&slnew=8,
CordenPharma,www.cordenpharma.com,https://www.cordenpharma.com/careers,$500 mil. - $1 bil.,https://workforcenow.adp.com/mascsr/default/mdf/recruitment/recruitment.html?cid=ede1ea78-34fc-4920-a043-335c6e96f763&ccId=19000101_000001&type=JS&lang=en_US,
Ghirardelli Chocolate,www.ghirardelli.com,https://www.ghirardelli.com/careers,$500 mil. - $1 bil.,https://lindtspruengli.wd103.myworkdayjobs.com/LindtSpruengliGroupCareers?hiringCompany=6ef234644ca31000c15ae959db4f0000,
KLS Martin,www.klsmartin.com,https://www.klsmartin.com/careers,$500 mil. - $1 bil.,https://www.paycomonline.net/v4/ats/web.php/portal/CAE5283BEB4E3F250B50B7DA238DBBDE/career-page,
Hexion,www.hexion.com,https://www.hexion.com/careers,$500 mil. - $1 bil.,https://careers.hexion.com/go/All_Jobs/9047000/?q=&q2=&alertId=&title=&location=&department=IT&date=#searchresults,
Lakeshore,www.lakeshorelearning.com,https://www.lakeshorelearning.com/careers,$500 mil. - $1 bil.,https://www.lakeshorelearning.com/about/careers/search/,
Sierra Space,www.sierraspace.com,https://www.sierraspace.com/careers,$500 mil. - $1 bil.,https://sierraspace.wd1.myworkdayjobs.com/Sierra_Space_External_Career_Site?jobFamilyGroup=98105669f48710010e52249f02f60000,
Simpson Strong-Tie Company,www.strongtie.com,https://www.strongtie.com/careers,$500 mil. - $1 bil.,https://strongtie.wd1.myworkdayjobs.com/External?jobFamilyGroup=5d7d5d24009f01fb5dc68ffe73312a19&jobFamilyGroup=5d7d5d24009f0169203e6ffe73311819,
Ariat,www.ariat.com,https://www.ariat.com/careers,$500 mil. - $1 bil.,https://career4.successfactors.com/career?company=ariat&career%5fns=job%5flisting%5fsummary&navBarLevel=JOB%5fSEARCH&_s.crb=pgrS%2bfiFtlYmRaq8Q7QkS%2b3PhFppypQ2wYJKhqqeiIQ%3d,
Arc'teryx,www.arcteryx.com,https://www.arcteryx.com/careers,$500 mil. - $1 bil.,https://jobs.lever.co/arcteryx.com?department=Technology,
"Sub-Zero, Wolf, and Cove",www.subzero-wolf.com,https://www.subzero-wolf.com/careers,$500 mil. - $1 bil.,https://recruiting2.ultipro.com/SUB1000SUBZ/JobBoard/ffaa667e-61b4-4b38-b427-2cb6982a41a3/?q=&o=postedDateDesc&f5=piwZMCguxEapHm88sNYKFw,
Farouk,www.farouk.com,https://www.farouk.com/careers,$500 mil. - $1 bil.,https://workforcenow.adp.com/mascsr/default/mdf/recruitment/recruitment.html?cid=1daa29d0-946c-4cf1-acaa-3b2fd538c885&ccId=19000101_000001&lang=en_US,
Infineum,www.infineum.com,https://www.infineum.com/careers,$500 mil. - $1 bil.,https://www.careers.infineum.com/search/?q=&searchResultView=LIST,
Yaskawa America,www.yaskawa.com,https://www.yaskawa.com/careers,$500 mil. - $1 bil.,https://www.yaskawa.com/about-us/careers/search-jobs,
National Gypsum,www.nationalgypsum.com,https://www.nationalgypsum.com/careers,$500 mil. - $1 bil.,https://recruiting.ultipro.com/NAT1014NGC/JobBoard/82e10fb7-67e7-49e3-ae40-66f508925bc6/?q=&o=postedDateDesc&w=&wc=&we=&wpst=,
BlueScope Buildings,www.bluescopebuildings.com,https://www.bluescopebuildings.com/careers,$500 mil. - $1 bil.,https://bluescopenac.wd5.myworkdayjobs.com/BNACareers?hiringCompany=fb21cf14895a1003e75f103a022c0000&jobFamilyGroup=fb21cf14895a1003e691da7bbca80001,
Daiichi Sankyo US,daiichisankyo.us,https://daiichisankyo.us/careers,$500 mil. - $1 bil.,https://careers.daiichisankyo.com/search/?q=&locationsearch=&searchResultView=LIST&markerViewed=&carouselIndex=&facetFilters=%7B%22mfield1%22%3A%5B%22IT+and+Systems%22%5D%7D&pageNumber=0,
Neogen,www.neogen.com,https://www.neogen.com/careers,$500 mil. - $1 bil.,https://neogen.wd5.myworkdayjobs.com/neogencareers,
Accuride,www.accuridecorp.com,https://www.accuridecorp.com/careers,$500 mil. - $1 bil.,https://www.accuridecorp.com/career-opportunities,
Sharp Packaging Services,www.sharpservices.com,https://www.sharpservices.com/careers,$500 mil. - $1 bil.,https://www.sharpservices.com/vacancies/?aw-department=IT,
PLZ,www.plzcorp.com,https://www.plzcorp.com/careers,$500 mil. - $1 bil.,https://recruiting2.ultipro.com/PLZ1000PLZ/JobBoard/a12f577a-8447-4e92-82b4-7475368b7d64/?q=&o=postedDateDesc&w=&wc=&we=&wpst=&f5=f3AwrBbShUWJVe6nrtccAA,
Williams International,www.williams-int.com,https://www.williams-int.com/careers,$500 mil. - $1 bil.,https://recruiting.ultipro.com/WIL1006WI/JobBoard/b5d9d0d6-a149-4636-95d5-8dfede315cab/?q=&o=postedDateDesc&f5=Qc80qqzYQkixVpWCb623bQ,
AgReliant Genetics,www.agreliantgenetics.com,https://agreliantgenetics.com/careers/,$100 mil. - $250 mil.,https://recruiting.ultipro.com/AGR1003ARGI/JobBoard/593ceca8-8f6d-4dd3-bb1b-b8b332475b71/OpportunityDetail?opportunityId=7c8bd7eb-3347-4145-beaf-d7fa217c3b34,
Abzena,www.abzena.com,https://abzena.com/careers/,$100 mil. - $250 mil.,https://jobs.eu.lever.co/abzena/069f6e1b-a68a-4469-a2b0-a6579c4ac950,
Vixxo,www.vixxo.com,https://www.vixxo.com/about-us/careers,$100 mil. - $250 mil.,https://job-boards.greenhouse.io/vixxo?departments%5B%5D=4041137002#4041137002,
Hygiena,www.hygiena.com,https://www.hygiena.com/careers,$100 mil. - $250 mil.,https://workforcenow.adp.com/mascsr/default/mdf/recruitment/recruitment.html?cid=64b85cdf-e793-428c-847d-3c083156603d&ccId=1593362092_8566&jobId=563588&lang=en_US,
Forterra,www.forterra.com,https://www.forterra.com/careers,$100 mil. - $250 mil.,https://www.forterra.com/careers#open-roles-forterra,
SimpliSafe,www.simplisafe.com,https://careers.simplisafe.com/,$100 mil. - $250 mil.,https://careers.simplisafe.com/search/?department=it+%26+infosec#results,
Replimune,www.replimune.com,https://www.replimune.com/careers,$100 mil. - $250 mil.,https://jobs.ashbyhq.com/replimune/39b51c02-31e2-4111-93d2-ddcd266dab6d?departmentId=5b9ff23c-032c-4a36-8777-db7d5b9cba1f,
Gener8,www.gener8.net,https://www.gener8.net/careers/,$100 mil. - $250 mil.,https://workforcenow.adp.com/mascsr/default/mdf/recruitment/recruitment.html?cid=70c3e918-c2c2-4329-82aa-36ad25fffe92&ccId=9200943482905_3&lang=en_US&jobId=610269&jwId=9200943482905_1,
3E,www.3eco.com,https://www.3eco.com/careers/,$100 mil. - $250 mil.,https://www.3eco.com/careers/job-listing/open-positions/?job_id=671d15fc-b0c1-4196-8432-909292ffd854,
GenScript,www.genscript.com,https://www.genscript.com/CareerOverview.html,$100 mil. - $250 mil.,https://www.genscript.com/CareerOverview.html,
Cytek Biosciences,www.cytekbio.com,https://workforcenow.adp.com/mascsr/default/mdf/recruitment/recruitment.html?cid=a21467f2-5c74-46bf-bd5c-61cdb598d8b3&ccId=19000101_000001&lang=en_US,$100 mil. - $250 mil.,https://workforcenow.adp.com/mascsr/default/mdf/recruitment/recruitment.html?cid=a21467f2-5c74-46bf-bd5c-61cdb598d8b3&ccId=19000101_000001&lang=en_US,
Napco Security Technologies,www.napcosecurity.com,https://napcosecurity.com/careers,$100 mil. - $250 mil.,https://napcosecurity.com/careers/,
Amazon Lab126,amazon.jobs/en/teams/lab126,https://amazon.jobs/careers,$100 mil. - $250 mil.,https://amazon.jobs/en/search?offset=0&result_limit=10&sort=relevant&category%5B%5D=operations-it-support-engineering&distanceType=Mi&radius=24km&latitude=&longitude=&loc_group_id=&loc_query=&base_query=&city=&country=&region=&county=&query_options=&,
Automated Logic,www.automatedlogic.com,https://www.automatedlogic.com/careers,$100 mil. - $250 mil.,https://jobs.carrier.com/en/search-jobs/Automated+Logic?orgIds=29289&kt=1&glat=40.778499603271484&glon=-74.07219696044922,
Torc Robotics,www.torc.ai,https://www.torc.ai/careers,$100 mil. - $250 mil.,https://job-boards.greenhouse.io/torcrobotics/jobs/8613575002,
DEKA,www.dekaresearch.com,https://www.dekaresearch.com/careers,$100 mil. - $250 mil.,https://deka.applytojob.com/apply/dEMj1b1IhM/Software-Quality-Assurance-Engineer?source=Our%20Career%20Page%20Widget,
SK Life Science,www.sklifescienceinc.com,https://www.sklifescienceinc.com/careers,$100 mil. - $250 mil.,https://careers-sklifescienceinc.icims.com/jobs/search?ss=1&searchKeyword=IT&searchCategory=8730,
Hyundai America Technical Center,www.hatci.com,https://www.hatci.com/careers,$100 mil. - $250 mil.,https://careers-americas.hyundai.com/hatci/job/Superior-Township-IT-Strategy-Engineer-II-MI-48198/1409559800/,
Radiance Technologies,www.radiancetech.com,https://www.radiancetech.com/careers,$100 mil. - $250 mil.,https://radiancetech.wd12.myworkdayjobs.com/Radiance_External,
Aldevron,www.aldevron.com,https://www.aldevron.com/careers,$100 mil. - $250 mil.,https://jobs.danaher.com/global/en/search-results,
Iovance Biotherapeutics,www.iovance.com,https://www.iovance.com/careers,$100 mil. - $250 mil.,https://job-boards.greenhouse.io/iovancebiotherapeutics/jobs/5234960008,
Monte Rosa Therapeutics,www.monterosatx.com,https://www.monterosatx.com/careers,$100 mil. - $250 mil.,https://careers-monterosatx.icims.com/jobs/search?ss=1&searchKeyword=IT&searchRelation=keyword_all,
PROTAGONIST THERAPEUTICS,www.protagonist-inc.com,https://www.protagonist-inc.com/careers,$100 mil. - $250 mil.,https://www.protagonist-inc.com/join-our-team,
Quanterix,www.quanterix.com,https://www.quanterix.com/careers,$100 mil. - $250 mil.,https://www.quanterix.com/careers/,
The Vertex Companies,www.vertexeng.com,https://www.vertexeng.com/careers,$100 mil. - $250 mil.,https://careers.vertexeng.com/search/jobs?q=IT&location=,
Technosoft Engineering,www.technosofteng.com,https://www.technosofteng.com/careers,$100 mil. - $250 mil.,https://technosofteng.com/careers/openings-americas/,
WJE,www.wje.com,https://www.wje.com/careers,$100 mil. - $250 mil.,https://wje.wd1.myworkdayjobs.com/Careers?jobCategory=797d2d8283b41000a4e881dfbe980001&jobCategory=797d2d8283b41000a4e8814639920000,
Stress Engineering Services,www.stress.com,https://www.stress.com/careers,$100 mil. - $250 mil.,https://www.stress.com/careers/?keywords=IT,
E2 Consulting Engineers,www.e2.com,https://www.e2.com/careers,$100 mil. - $250 mil.,https://careers-e2.icims.com/jobs/search?ss=1&searchKeyword=IT,
Simpson Gumpertz & Heger,www.sgh.com,https://www.sgh.com/careers,$100 mil. - $250 mil.,https://www.sgh.com/careers/job-openings/,
Environmental Air Systems,www.easinc.net,https://www.easinc.net/careers,$100 mil. - $250 mil.,https://comfortsystemsusa.wd1.myworkdayjobs.com/EAScareers?q=IT,
Crossville,www.crossvilleinc.com,https://www.crossvilleinc.com/careers,$100 mil. - $250 mil.,https://recruiting.ultipro.com/AHF1000AHFP/JobBoard/eb870e08-1b72-44d8-a4c4-d8b21f6f9297/OpportunityDetail?opportunityId=607bf250-2555-4c46-b814-d80518c0ec34,
Valkyrie Enterprises,www.valkyrie.com,https://www.valkyrie.com/careers,$100 mil. - $250 mil.,https://recruitingbypaycor.com/career/JobIntroduction.action?clientId=8a7883c66d7360f9016d833e65880250&id=8a7883a89e6b0bf7019e83e6a88f06e9&source=&lang=en,
Z Modular,www.z-modular.com,https://www.z-modular.com/careers,$100 mil. - $250 mil.,https://zekelman.wd12.myworkdayjobs.com/Careers?jobFamily=1d0e467ddf5e100b7c806f85ebe60000,
Cormetech,www.cormetech.com,https://www.cormetech.com/careers,$100 mil. - $250 mil.,https://www.cormetech.com/careers/,
Chaney Enterprises,www.chaneyenterprises.com,https://www.chaneyenterprises.com/careers,$100 mil. - $250 mil.,https://workforcenow.adp.com/mascsr/default/mdf/recruitment/recruitment.html?cid=4b009c0b-0f2d-4150-9045-25adf7023b00&ccId=19000101_000001&lang=en_US&selectedMenuKey=CareerCenter&jobId=546522,
Wilbert Funeral Services,www.wilbert.com,https://www.wilbert.com/careers,$100 mil. - $250 mil.,https://marmon.wd501.myworkdayjobs.com/Marmon_Careers?jobFamilyGroup=6125f3a207e30101f2741fe2fa220000,
QED Systems,www.qedsysinc.com,https://www.qedsysinc.com/careers,$100 mil. - $250 mil.,https://www.qedsysinc.com/Careers/CurrentOpenings?keywords=IT&jobId=fb0f5a2e-1adc-4172-4094-6c3a751146a9,
Ridgeview Industries,www.ridgeviewindustries.com,https://www.ridgeviewindustries.com/careers,$100 mil. - $250 mil.,https://www.ridgeviewindustries.com/job_postings.html,
Whoop,www.whoop.com,https://www.whoop.com/careers,$100 mil. - $250 mil.,https://jobs.lever.co/whoop/b0e5f613-729f-43e1-a92a-898c216cb9c1,
NDS,www.ndspro.com,https://www.ndspro.com/careers,$100 mil. - $250 mil.,https://careers-adspipe.icims.com/jobs/21182/manager-it-pmo/job,
Electric Hydrogen,www.eh2.com,https://www.eh2.com/careers,$100 mil. - $250 mil.,https://eh2.com/careers/?gh_jid=4687381005,
Senninger,www.senninger.com,https://www.senninger.com/careers,$100 mil. - $250 mil.,https://recruiting2.ultipro.com/HUN1007HUIND/JobBoard/9d4c9b3a-f0e0-45f2-8b3c-5fb03c6eb7f5/OpportunityDetail?opportunityId=6751787d-507f-48c7-8908-4d1b1da83259,
Base Power,www.basepowercompany.com,https://www.basepowercompany.com/careers,$100 mil. - $250 mil.,https://www.basepowercompany.com/open-roles?ashby_jid=e0c632cd-2375-4e0f-8a9f-11dbb820e885,
Clear Creek Systems,www.clearcreeksystems.com,https://www.clearcreeksystems.com/careers,$100 mil. - $250 mil.,https://workforcenow.adp.com/mascsr/default/mdf/recruitment/recruitment.html?cid=a009e112-5163-4870-816f-3faae3a54ffa&ccId=19000101_000003&lang=en_US&jobId=581918&jwId=SYS:JW:001,
Nayax,www.nayax.com,https://www.nayax.com/careers,$100 mil. - $250 mil.,https://www.nayax.com/careers/department/information-technology/,
LifeNet Health,www.lifenethealth.org,https://www.lifenethealth.org/careers,$100 mil. - $250 mil.,https://jobs.jobvite.com/lifenethealth/search?r=&l=&c=Information%20Systems,
23andMe,www.23andme.com,https://www.23andme.com/careers,$100 mil. - $250 mil.,https://23andme.wd5.myworkdayjobs.com/23?q=IT,
Orscheln Management,www.orscheln.com,https://www.orscheln.com/careers,$100 mil. - $250 mil.,https://orschelnindustries.exacthire.com/job/201870,
IPEG,www.ipeg.net,https://www.ipeg.net/careers,$100 mil. - $250 mil.,https://recruiting.paylocity.com/recruiting/jobs/Details/4180929/PGNA-Inc/IT-Support-Specialist,
HOLT Group,www.holtgrp.com,https://www.holtgrp.com/careers,$100 mil. - $250 mil.,https://holtgrp.pinpointhq.com/?search=IT,
Miracapo Pizza,www.miracapopizza.com,https://www.miracapopizza.com/careers,$100 mil. - $250 mil.,https://careers.employinc.com/jobs/17500076-ai-product-engineer,
Arrow International,www.arrowinternational.com,https://www.arrowinternational.com/careers,$100 mil. - $250 mil.,https://recruiting.paylocity.com/recruiting/jobs/All/ad64dc7e-43e1-4995-a02e-baae7363f9ea/Arrow-International-Inc?location=All%20Locations&department=Engineering%2FSoftware,
Cooper Machinery Services,www.cooperservices.com,https://www.cooperservices.com/careers,$100 mil. - $250 mil.,https://cooperservices.rec.pro.ukg.net/COO1501CMSV/JobBoard/1d3bfac4-a952-4604-8bbc-4f024c7abcf7/?q=&o=postedDateDesc&f5=GZjYB5DWYE2W4bohJjTS2A,
CesiumAstro,www.cesiumastro.com,https://www.cesiumastro.com/careers,$100 mil. - $250 mil.,https://jobs.lever.co/CesiumAstro?department=Security%20%26%20IT&team=IT,
Polywood,www.polywood.com,https://www.polywood.com/careers,$100 mil. - $250 mil.,https://www.polywood.com/pages/office-opportunities,
Intuitive Machines,www.intuitivemachines.com,https://www.intuitivemachines.com/careers,$100 mil. - $250 mil.,https://workforcenow.adp.com/mascsr/default/mdf/recruitment/recruitment.html?cid=b0e24f83-6e4d-492d-9d6a-bc0fea197d6a&ccId=19000101_000001&lang=en_US&jobId=568516,
Corin Group,www.coringroup.com,https://www.coringroup.com/careers,$100 mil. - $250 mil.,https://jobs.dayforcehcm.com/en-GB/coringroup/CANDIDATEPORTAL/jobs/4651,
Harry's,www.harrys.com,https://www.harrys.com/careers,$100 mil. - $250 mil.,https://job-boards.greenhouse.io/harrys?departments%5B%5D=31456,
Pacific Biosciences,www.pacb.com,https://www.pacb.com/careers,$100 mil. - $250 mil.,https://pacbio.wd12.myworkdayjobs.com/PacBio-?jobFamilyGroup=bc03a918f13310017dddaa3b9b110000,
Innovative Hearth Products,ihp.us.com,https://ihp.us.com/careers,$100 mil. - $250 mil.,https://workforcenow.adp.com/mascsr/default/mdf/recruitment/recruitment.html?cid=d7611cb3-a99c-4232-997a-955a195f2cf6&ccId=19000101_000001&type=JS&lang=en_US&jobId=575429,
Aptar CSP Technologies,www.csptechnologies.com,https://www.csptechnologies.com/careers,$100 mil. - $250 mil.,https://jobs.aptar.com/job/Auburn-Senior-Project-Manager%2C-CSP-Applications-Development-AL-36832/1366026133/,
Times Microwave Systems,www.timesmicrowave.com,https://www.timesmicrowave.com/careers,$100 mil. - $250 mil.,https://timesmicrowave.acquiretm.com/job_details_clean.aspx?ID=2586,
CURRIES,www.curries.com,https://www.curries.com/careers,$100 mil. - $250 mil.,https://www.assaabloy.com/career/en/open-positions/job-categories/engineering,
Graham Corporation,www.graham-mfg.com,https://www.graham-mfg.com/careers,$100 mil. - $250 mil.,https://graham-mfg.com/careers/,
Filtran,www.filtranllc.com,https://www.filtranllc.com/careers,$100 mil. - $250 mil.,https://careers-filtrationgroupcorp.icims.com/jobs/search?ss=1&searchKeyword=IT&searchRelation=keyword_all&searchCategory=25342,
Schwing America,www.schwing.com,https://www.schwing.com/careers,$100 mil. - $250 mil.,https://workforcenow.adp.com/mascsr/default/mdf/recruitment/recruitment.html?cid=d6d09230-0c51-4871-9ee2-2f90dc30e302&ccId=19000101_000001&type=JS&lang=en_US&jobId=958589,
Weiss-Aug,www.weiss-aug.com,https://www.weiss-aug.com/careers,$100 mil. - $250 mil.,https://recruiting.paylocity.com/recruiting/jobs/All/bef88ce1-8b7a-4b85-8b04-cd042b5ac1cf/Weiss-Aug-Co-Inc,
Hybrid Apparel,www.hybridapparel.com,https://www.hybridapparel.com/careers,$100 mil. - $250 mil.,https://workforcenow.adp.com/mascsr/default/mdf/recruitment/recruitment.html?cid=b456748e-7836-4c81-a7b5-c52fa1f62888&ccId=19000101_000001&lang=en_US,
Biosense Webster,www.jnjmedtech.com/en-us/companies/biosensewebster,https://www.jnjmedtech.com/careers,$100 mil. - $250 mil.,https://www.careers.jnj.com/en/jobs/?search=&team=Technology+Enterprise+Strategy+%26+Security&pagesize=20#results,
TC Industries,www.tcindustries.com,https://www.tcindustries.com/careers,$100 mil. - $250 mil.,https://workforcenow.adp.com/mascsr/default/mdf/recruitment/recruitment.html?cid=9e6c3835-f8f3-4797-8a07-263db5c91b1f&ccId=19000101_000001&lang=en_US,
Lilly Pulitzer,www.lillypulitzer.com,https://www.lillypulitzer.com/careers,$100 mil. - $250 mil.,https://oxford.wd5.myworkdayjobs.com/LillyPulitzer?jobFamilyGroup=d66762c6b46c4664b80cf2f0f7fe83c9,
ecobee,www.ecobee.com,https://www.ecobee.com/careers,$100 mil. - $250 mil.,https://careers.generac.com/en/jobs/jr13651/staff-software-engineer/,
SEEPEX,www.seepex.com,https://www.seepex.com/careers,$100 mil. - $250 mil.,https://ir-jobs.dzconnex.com/#/e432c3da-b6f8-4e93-aa86-a73ad6ac3e1b,
Strongwell,www.strongwell.com,https://www.strongwell.com/careers,$100 mil. - $250 mil.,https://www.strongwell.com/contact/careers/,
Eileen Fisher,www.eileenfisher.com,https://www.eileenfisher.com/careers,$100 mil. - $250 mil.,https://jobs.silkroad.com/EileenFisher/USCareers/jobs/,
Invio Automation,www.invioautomation.com,https://www.invioautomation.com/careers,$100 mil. - $250 mil.,https://invioautomation.com/careers/,
Beaver Street Fisheries Inc.,www.beaverstreetfisheries.com,https://www.beaverstreetfisheries.com/careers,$100 mil. - $250 mil.,https://www.indeed.com/job/software-development-manager-036b7f0cb00def28,
TURBOCAM,www.turbocam.com,https://www.turbocam.com/careers,$100 mil. - $250 mil.,https://www.turbocam.com/careers/current-openings/?p=job%2Foat6zfw2,
AudioCodes,www.audiocodes.com,https://www.audiocodes.com/careers,$100 mil. - $250 mil.,https://www.audiocodes.com/careers?sort=Recent&page=1&department=IT,
Plansee,www.plansee.com,https://www.plansee.com/careers,$100 mil. - $250 mil.,https://plansee-group.com/en/careers/jobs?,
Oxford Nanopore Technologies,www.nanoporetech.com,https://www.nanoporetech.com/careers,$100 mil. - $250 mil.,https://ejnh.fa.em2.oraclecloud.com/hcmUI/CandidateExperience/en/sites/CX_1/jobs/preview/3183,
Kramer Electronics,www.kramerav.com,https://www.kramerav.com/careers,$100 mil. - $250 mil.,https://kramerelectronics.applytojob.com/apply/BB5adnCbdm/,
KK Wind Solutions,www.kkwindsolutions.com,https://www.kkwindsolutions.com/careers,$100 mil. - $250 mil.,https://kkwindsolutions-career.talent-soft.com/job/list-of-jobs.aspx,
Nothing Bundt Cakes,www.nothingbundtcakes.com,https://www.nothingbundtcakes.com/careers,$100 mil. - $250 mil.,https://recruiting2.ultipro.com/NOT1001BUNDT/JobBoard/1e32096c-4203-47af-bd15-91cecb076761/?q=&o=postedDateDesc&w=&wc=&we=&wpst=,
J Wagner,www.wagner-group.com,https://www.wagner-group.com/careers,$100 mil. - $250 mil.,https://careers.wagner-group.com/go/Alle-Jobs/3843301/,
Solvias,www.solvias.com,https://www.solvias.com/careers,$100 mil. - $250 mil.,https://iabxas.fa.ocs.oraclecloud.com/hcmUI/CandidateExperience/en/sites/CX_1/jobs/preview/244,
Ipte,www.ipte.com,https://www.ipte.com/careers,$100 mil. - $250 mil.,https://www.ipte.com/jobs/detail/it-system-administrator-mwd,
Perma-Pipe International,www.permapipe.com,https://www.permapipe.com/careers,$100 mil. - $250 mil.,https://www.paycomonline.net/v4/ats/web.php/portal/4279AFC1B4E24987CF55E7836C668C06/jobs/287718,
Stanley Engineered Fastening,www.stanleyengineeredfastening.com,https://www.stanleyengineeredfastening.com/careers,$100 mil. - $250 mil.,https://sbdinc.wd1.myworkdayjobs.com/en-US/Stanley_Black_Decker_Career_Site?jobFamilyGroup=138cf99b9c4910007a02e3667fe80000,
Wanco,www.wanco.com,https://www.wanco.com/careers,$100 mil. - $250 mil.,https://www.ziprecruiter.com/co/Wanco-Inc/Jobs?hiring_company=7c4570ff&lk=6Xbt3cq3vY5zwjtDB_Qfzg,
Precision Planting,www.precisionplanting.com,https://www.precisionplanting.com/careers,$100 mil. - $250 mil.,https://careers.agcocorp.com/go/View-All-Jobs/9335900/,
Bandit Industries,www.banditchippers.com,https://www.banditchippers.com/careers,$100 mil. - $250 mil.,https://banditchippers.com/careers/,
Data Device Corporation,www.ddc-web.com,https://www.ddc-web.com/careers,$100 mil. - $250 mil.,https://ddc.hrmdirect.com/employment/job-openings.php?search=true&dept=342560&city=-1&state=-1&cust_sort1=178059,
Heidelberg Engineering,www.heidelbergengineering.com,https://www.heidelbergengineering.com/careers,$100 mil. - $250 mil.,https://heidelberg-engineering.job-shop.com/heidelberg-engineering-en/category/it/8d8c60d3-b161-5ac6-9a63-3ff6a246d1f0,
Hypertec,www.hypertec.com,https://www.hypertec.com/careers,$100 mil. - $250 mil.,https://recruiting.ultipro.ca/HYP5001HYGI/JobBoard/ecb46a16-1a69-4e02-990e-0d1eb10c17e9/OpportunityDetail?opportunityId=a1573758-0ba2-4e79-afa9-bb797aa51cfc,
MechoShade,www.mechoshade.com,https://www.mechoshade.com/careers,$100 mil. - $250 mil.,https://careers-mechoshades.icims.com/jobs/search?ss=1&searchCategory=8730,
NSI-MI Technologies,www.nsi-mi.com,https://www.nsi-mi.com/careers,$100 mil. - $250 mil.,https://jobs.ametek.com/go/Information-Technology/8885300/,
Datapath,www.datapath.com,https://www.datapath.com/careers,$100 mil. - $250 mil.,https://www.paycomonline.net/v4/ats/web.php/portal/13086EB95BB41A9B5ADD096D9EC0EF88/career-page,
Foley Equipment,www.foleyeq.com,https://www.foleyeq.com/careers,$100 mil. - $250 mil.,https://jobs.foleyeq.com/careers?_gl=1*1l74nw3*_gcl_au*ODAzMzgzMTg5LjE3ODQ3MjkyMzc.*_ga*MjA0MDkxNTgyNy4xNzg0NzI5MjM3&start=0&pid=893396040003&sort_by=hot,
Mt. Olive Pickle,www.mtolivepickles.com,https://www.mtolivepickles.com/careers,$100 mil. - $250 mil.,https://recruiting.paylocity.com/recruiting/jobs/All/79f4eea2-8daa-4a10-827f-54e4abf74c9b/Mt-Olive-Pickle-Company?location=All%20Locations&department=Administrative%20and%20IT,
Acutec Precision Aerospace,www.acutecprecision.com,https://www.acutecprecision.com/careers,$100 mil. - $250 mil.,https://acutecprecision.com/careers/,
Bay State Milling,www.baystatemilling.com,https://www.baystatemilling.com/careers,$100 mil. - $250 mil.,https://recruiting.ultipro.com/BAY1002BAYSM/JobBoard/e59174da-c780-45f8-a72f-5b451eed285a/OpportunityDetail?opportunityId=e091d722-a0ff-48a3-a763-5bdd408c18dc&sourceId=09144c5d-5096-49f7-a5c6-cf472f0501ea,
ArgonST,www.argonst.com,https://www.argonst.com/careers,$100 mil. - $250 mil.,https://jobs.boeing.com/category/information-technology-jobs/185/2630/1,
Mt Olive Pickles,www.mtolivepickles.com,https://www.mtolivepickles.com/careers,$100 mil. - $250 mil.,https://recruiting.paylocity.com/recruiting/jobs/All/79f4eea2-8daa-4a10-827f-54e4abf74c9b/Mt-Olive-Pickle-Company?location=All%20Locations&department=Administrative%20and%20IT,
EATON Tripp Lite,tripplite.eaton.com,https://tripplite.eaton.com/careers,$100 mil. - $250 mil.,https://eaton.eightfold.ai/careers?start=0&location=WI%2C+United+States&pid=687236757948&sort_by=distance&filter_include_remote=1,
Comtech EF Data,www.comtechefdata.com,https://www.comtechefdata.com/careers,$100 mil. - $250 mil.,https://workforcenow.adp.com/mascsr/default/mdf/recruitment/recruitment.html?cid=09a14fa2-30e8-49e6-80ed-82a5812bd326&ccId=9200365399883_2&lang=en_US,
Comtech,www.comtechefdata.com,https://www.comtechefdata.com/careers,$100 mil. - $250 mil.,https://workforcenow.adp.com/mascsr/default/mdf/recruitment/recruitment.html?cid=09a14fa2-30e8-49e6-80ed-82a5812bd326&ccId=9200365399883_2&lang=en_US,
Nutricia North America,www.nutricia-na.com,https://www.nutricia-na.com/careers,$100 mil. - $250 mil.,https://careers.danone.com/us/en/jobs.html?1039033885_group.propertyvalues.property=jcr%3Acontent%2Fdata%2Fmaster%2Fcountry&1039033885_group.propertyvalues.operation=equals&1039033885_group.propertyvalues.84_values=United%20States&-36712540_group.propertyvalues.property=jcr%3Acontent%2Fdata%2Fmaster%2Fcountry&-36712540_group.propertyvalues.operation=equals&-36712540_group.propertyvalues.84_values=United%20States&layout=teaserList&p.offset=0&p.limit=12&fulltext=*,
Motor Controls Inc.,www.motorcontrols.com,https://www.motorcontrols.com/careers,$100 mil. - $250 mil.,https://mci.criterionhcm.com/jobs/276/1/,
Doble,www.doble.com,https://www.doble.com/careers,$100 mil. - $250 mil.,https://escotech.rec.pro.ukg.net/ESC1001ESTI/JobBoard/088def80-27d5-4b37-8fd3-1070632afc7e/OpportunityDetail?opportunityId=666ada09-c86b-4dc5-a7aa-7697d3914672,
X-energy,www.x-energy.com,https://www.x-energy.com/careers,$100 mil. - $250 mil.,https://xenergy.wd5.myworkdayjobs.com/X-energyUS?_gl=1*b7lur3*_gcl_au*MTIxODAwNzM5Ni4xNzg0NzM3NDI3*_ga*NTA3NDA4MTU2LjE3ODQ3Mzc0Mjc.*_ga_VZEL02XYGK*czE3ODQ3Mzc0MjUkbzEkZzAkdDE3ODQ3Mzc0MjUkajYwJGwwJGgw&jobFamilyGroup=e00c578fbee51000c3c272ffd8f20000,
Colonna's Shipyard,www.colonnaship.com,https://www.colonnaship.com/careers,$100 mil. - $250 mil.,https://www.colonnaship.com/careers/,
USfalcon,www.usfalcon.com,https://www.usfalcon.com/careers,$100 mil. - $250 mil.,https://recruiting.ultipro.com/USF1003UFLC/JobBoard/94666f6d-c6f2-47ce-a7c6-e41d0b8f4784/OpportunityDetail?opportunityId=6d17bf02-065a-4529-bc38-13e1708b9d01,
SM Jaleel,www.smjaleel.net,https://www.smjaleel.net/careers,$100 mil. - $250 mil.,https://www.smjaleel.net/careers-at-smj/smj-job-portal/job-categories/,
Marotta Controls,www.marotta.com,https://www.marotta.com/careers,$100 mil. - $250 mil.,https://marotta.com/job-openings/?_gl=1*1wmx3z5*_up*MQ..*_ga*MjkwNDYxMDMzLjE3ODQ3NDEwNjk.*_ga_94MZ09F9WQ*czE3ODQ3NDEwNjckbzEkZzAkdDE3ODQ3NDEwNjckajYwJGwwJGgw,
Ecore International,www.ecoreintl.com,https://www.ecoreintl.com/careers,$100 mil. - $250 mil.,https://jobs.dayforcehcm.com/ecore/CANDIDATEPORTAL?searchText=it,
Verathon,www.verathon.com,https://www.verathon.com/careers,$100 mil. - $250 mil.,https://intl-careers-verathon.icims.com/jobs/search?hashed=-625890681&mobile=false&width=1905&height=500&bga=true&needsRedirect=false&jan1offset=-300&jun1offset=-240,
Duke Manufacturing,www.dukemfg.com,https://www.dukemfg.com/careers,$100 mil. - $250 mil.,https://dukemfg.aaimtrack.com/jobs/1316831,
Tech-Etch,www.techetch.com,https://www.techetch.com/careers,$100 mil. - $250 mil.,https://careers.techetch.com/search/jobs/in?_gl=1%2A1s50ufd%2A_gcl_au%2AMTk2NTYwNDM0OS4xNzg0Nzk5MjY2%2A_ga%2AMjUyMjU0MzgyLjE3ODQ3OTkyNjY.%2A_ga_NHL60JSR6H%2AczE3ODQ3OTkyNjYkbzEkZzAkdDE3ODQ3OTkyNjYkajYwJGwwJGgw&page=1#,
Coghlin Companies,www.coghlincompanies.com,https://www.coghlincompanies.com/careers,$100 mil. - $250 mil.,https://careers.techetch.com/jobs/17960057-erp-system-developer,
SPIROL,www.spirol.com,https://www.spirol.com/careers,$100 mil. - $250 mil.,https://spirol.applicantpro.com/jobs/4150009,
Endries International,www.endries.com,https://www.endries.com/careers,$100 mil. - $250 mil.,https://recruiting2.ultipro.com/END1019EINT/JobBoard/96c8fa83-f2b4-494a-afb5-11f09019f278/OpportunityDetail?opportunityId=d11bec3c-19e4-45ec-b20d-743fa5258c4e,
TIDI Products,www.tidiproducts.com,https://www.tidiproducts.com/careers,$100 mil. - $250 mil.,https://secure4.saashr.com/ta/6095384.careers?CareersSearch=&lang=en-US,
Affiliated Distributors,www.adhq.com,https://www.adhq.com/careers,$100 mil. - $250 mil.,https://recruiting.paylocity.com/Recruiting/Jobs/Details/4234915,
Stellar Industries,www.stellarindustries.com,https://www.stellarindustries.com/careers,$100 mil. - $250 mil.,https://www.stellarindustries.com/company/careers/?_sfm_paylocity_sub_category=IT,
BriskHeat,www.briskheat.com,https://www.briskheat.com/careers,$100 mil. - $250 mil.,https://www.briskheat.com/pages/careers,
SEKISUI Aerospace,www.sekisuiaerospace.com,https://www.sekisuiaerospace.com/careers,$100 mil. - $250 mil.,https://workforcenow.adp.com/mascsr/default/mdf/recruitment/recruitment.html?cid=54a4e977-5ddb-4e59-a5e5-1fdd0b57dc57&ccId=19000101_000001&lang=en_US&jobId=510384,
VulcanForms,www.vulcanforms.com,https://www.vulcanforms.com/careers,$100 mil. - $250 mil.,https://www.vulcanforms.com/careers/#open-positions,
Sport Truck USA,www.sporttruckusainc.com,https://www.sporttruckusainc.com/careers,$100 mil. - $250 mil.,https://foxfactory.wd1.myworkdayjobs.com/FOX/2/refreshFacet/318c8bb6f553100021d223d9780d30be?_ga=2.86912283.2020451805.1649087351-451540446.1640185107,
Maysteel Industries,www.maysteel.com,https://www.maysteel.com/careers,$100 mil. - $250 mil.,https://jobs.dayforcehcm.com/maysteel/CANDIDATEPORTAL?searchText=it,
ONTIC,www.ontic.com,https://www.ontic.com/careers,$100 mil. - $250 mil.,https://ontic.wd103.myworkdayjobs.com/OnticCareers?jobFamilyGroup=080ea90efae31002087c353373470000,
"PDI, Inc.",www.pdihc.com,https://www.pdihc.com/careers,$100 mil. - $250 mil.,https://recruiting.ultipro.com/NIC1003/JobBoard/d93555cb-6498-e637-8827-342b0f2a5a29/OpportunityDetail?opportunityId=4494fd7b-bb5e-4a0c-94c6-0e2765baa526,
Mitutoyo America,www.mitutoyo.com,https://www.mitutoyo.com/careers,$100 mil. - $250 mil.,https://recruiting2.ultipro.com/MIT1004MTA/JobBoard/bb216e86-609a-4fdb-8eda-111fd9e9c1c6/?q=&o=postedDateDesc,
Novaspect,www.novaspect.com,https://www.novaspect.com/careers,$100 mil. - $250 mil.,https://novaspect.wd501.myworkdayjobs.com/External_Careers_SG,
Technetics Group,www.technetics.com,https://www.technetics.com/careers,$100 mil. - $250 mil.,https://careers.enpro.com/jobs/business-analyst-france,
Kearfott,www.kearfott.com,https://www.kearfott.com/careers,$100 mil. - $250 mil.,https://myjobs.adp.com/kearfott/cx/job-listing,
SJE,www.sjeinc.com,https://www.sjeinc.com/careers,$100 mil. - $250 mil.,https://recruiting2.ultipro.com/SJE1000SJE/JobBoard/a2614d20-75f3-4120-90a2-f1fe99b8f180/OpportunityDetail?opportunityId=2db01379-afde-414b-80f2-2678aecb97a9,
G.S. Precision,www.gsprecision.com,https://www.gsprecision.com/careers,$100 mil. - $250 mil.,https://recruiting.paylocity.com/Recruiting/Jobs/All/0f81e467-2225-4403-b209-c835c41d23c2?location=All%20Locations&department=All%20Departments,
StarTech.com,www.startech.com,https://www.startech.com/careers,$100 mil. - $250 mil.,https://recruiting.ultipro.ca/STA5000/JobBoard/68b70271-ba63-2cc8-8cd7-ce2a93c4592a/?q=&o=postedDateDesc,
Utility Trailer Manufacturing Company,www.utilitytrailer.com,https://www.utilitytrailer.com/careers,$100 mil. - $250 mil.,https://utilitytrailer.rec.pro.ukg.net/UTI1500UTTM/JobBoard/cf02e4d0-b305-4b29-ba63-4a65ede33f45/?q=&o=postedDateDesc,
Universal Avionics,www.universalavionics.com,https://www.universalavionics.com/careers,$100 mil. - $250 mil.,https://recruiting.ultipro.com/UNI1039UASC/JobBoard/6038d855-6c9a-480e-9c31-fccbf1f9f16f/OpportunityDetail?opportunityId=07ba33e2-42a7-46a1-a49b-e1dba09b684d,
Orizon,www.orizonaero.com,https://www.orizonaero.com/careers,$100 mil. - $250 mil.,https://recruiting.ultipro.com/TEC1003/JobBoard/981a3aea-a9ea-35fd-9a20-79e1ce161cdc/?q=&o=postedDateDesc&w=&wc=&we=&wpst=,
TUUCI,www.tuuci.com,https://www.tuuci.com/careers,$100 mil. - $250 mil.,https://www.tuuci.com/job-listings/web-developer/,
Presrite,www.presrite.com,https://www.presrite.com/careers,$100 mil. - $250 mil.,https://presrite.com/resources/careers/,
DPT Laboratories,www.dptlabs.com,https://www.dptlabs.com/careers,$100 mil. - $250 mil.,https://viatris.wd5.myworkdayjobs.com/External?jobFamilyGroup=9f6b0777f7451000c9ebe79bfd1a0000,
Packsize,www.packsize.com,https://www.packsize.com/careers,$100 mil. - $250 mil.,https://packsize.wd108.myworkdayjobs.com/Packsize_Careers?jobFamilyGroup=18b0f329c9211000ce8f13be85dd0000,
G.A.L. Manufacturing,www.gal.com,https://www.gal.com/careers,$100 mil. - $250 mil.,https://www.paycomonline.net/v4/ats/web.php/portal/380E3F94F801BE605FB05A2398782D0D/career-page,
Douglas Machine,www.douglas-machine.com,https://www.douglas-machine.com/careers,$100 mil. - $250 mil.,https://secure3.entertimeonline.com/ta/6142834.careers?CareersSearch=&lang=en-US,
Lightera,www.lightera.com,https://www.lightera.com/careers,$100 mil. - $250 mil.,https://myjobs.adp.com/lighteracareers/cx/job-listing?keyword=IT,
United Wheels,www.unitedwheels.com,https://www.unitedwheels.com/careers,$100 mil. - $250 mil.,https://recruitingbypaycor.com/career/CareerHome.action?clientId=8a7883c68ab5129a018afbd77ef02487,
BiOrigin Specialty Products,www.bioriginsp.com,https://www.bioriginsp.com/careers,$100 mil. - $250 mil.,https://workforcenow.adp.com/mascsr/default/mdf/recruitment/recruitment.html?cid=2807e50f-8363-4764-88b3-ed33730e4f30&ccId=9200684310310_2&lang=en_US,
